FCLTY_NM,RDNMADR_NM,CTPRVN_CD,SIGNGU_CD,FCLTY_LO,FCLTY_LA,AREA_NM,HMPG_URL,TEL_NO,REPRSNT_MENU_NM,MENU_PRC,BASE_DE
"삼호가든","강원 화천군 사내면 문화마을1길 14","42","42790","127.5246561","38.0683995","강원",,,"깨죽삼계탕","15000","20241231"
"낙타민박","강원 화천군 화천읍 비수구미길 944","42","42790","127.8594213","38.159596","강원",,,"산채비빔밥",,"20241231"
"솥","강원 화천군 화천읍 산수화로 91","42","42790","127.7115271","38.1129238","강원",,,"콩탕&사골손만두국","8000","20241231"
"모퉁이","강원 화천군 화천읍 상승로2길 25-13 1층 모퉁이","42","42790","127.7033461","38.1056453","강원",,,"갈비수육&들기름젓갈비빔면","33000","20241231"
"형제칼국수","강원도 강릉시 강릉대로204번길 2","42","42150","128.8930263","37.7579012","강원",,,"장칼국수","7000","20241231"
"강릉감자옹심 강릉본점","강원도 강릉시 토성로 171","42","42150","128.8948902","37.7564701","강원",,,"감자옹심이칼국수","8000","20241231"
"동명항게찜","강원도 속초시 동명동 1-12","42","42210","128.6002585","38.212505","강원",,,"대게찜",,"20241231"
"동명항생선숯불구이","강원도 속초시 동명동 513-98","42","42210","128.5862262","38.2109576","강원",,,"생선구이",,"20241231"
"사돈집","강원도 속초시 영랑동 133","42","42210","128.5968186","38.2142039","강원",,,"물곰탕",,"20241231"
"삼해횟집","강원도 속초시 영랑동 148-171","42","42210","128.5921481","38.2199884","강원",,,"회",,"20241231"
"최대섭대박김밥","강원도 속초시 중앙동 471-4","42","42210","128.5901784","38.2045407","강원",,,"명태회김밥",,"20241231"
"양반댁함흥냉면","강원도 속초시 청초호반로 302","42","42210","128.5902395","38.2017778","강원",,,"명태회함흥냉면","9000","20241231"
"전주식당","강원도 양구군 양구읍 비봉로 91-23","42","42800","127.9862795","38.1100015","강원",,,"돼지고기김치찌개","9000","20241231"
"백담황태구이","강원도 인제군 북면 용대리 592","42","42810","128.3651816","38.1886627","강원",,,"황태구이정식",,"20241231"
"자작나무집","강원도 인제군 인제읍 원대리 242-6","42","42810","128.2366805","38.0047296","강원",,,"잡어매운탕",,"20241231"
"회동집","강원도 정선군 정선읍 5일장길 37-10","42","42810","128.664643","37.3809697","강원",,,"곤드레밥","7000","20241231"
"대원당","강원도 춘천시 석사동 796-2","42","42110","127.7393362","37.8577456","강원",,,"쿠로 맘모스",,"20241231"
"샘밭막국수","강원도 춘천시 신북읍 천전리 118-23","42","42110","127.7812048","37.9295981","강원",,,"막국수",,"20241231"
"명가막국수","강원도 춘천시 신북읍 천전리 39-7","42","42110","127.7919792","37.9329516","강원",,,"막국수",,"20241231"
"원조숯불닭불고기","강원도 춘천시 중앙로 2가 70","42","42110","127.7253911","37.8787328","강원",,,"숯불닭갈비",,"20241231"
"창모루","경기 하남시 검단산로 301","41","41450","127.2332637","37.5393458","경기",,,"해물칼제비","9000","20241231"
"털보네바베큐","경기 하남시 미사동로 49","41","41450","127.2012894","37.5716713","경기",,,"삼겹살등갈비바비큐&생고기김치찌개","50000","20241231"
"동화펜션&유원지","경기도 가평군 상면 임초리 42-1","41","41820","127.3805031","37.7714166","경기",,,"오리백숙",,"20241231"
"산골농원","경기도 가평군 설악면 어비산길99번길 75-7","41","41820","127.5099905","37.5962775","경기",,,"솥뚜껑닭볶음탕","72000","20241231"
"산촌","경기도 고양시 덕양구 벽제동 582-1","41","41281","126.9124464","37.7353977","경기",,,"사찰음식",,"20241231"
"소풍","경기도 고양시 덕양구 행주내동 151","41","41281","126.8260084","37.6003908","경기",,,"보리굴비",,"20241231"
"우정가든","경기도 고양시 덕양구 행주외동 54-8","41","41281","126.8226605","37.6029473","경기",,,"오리직화구이",,"20241231"
"초원오리농장","경기도 고양시 덕양구 현천동 41-7","41","41281","126.8730393","37.5923505","경기",,,"오리주물럭",,"20241231"
"바람아래꽃돌게장","경기도 고양시 일산동구 마두동 862","41","41281","126.7906265","37.6627783","경기",,,"돌게장",,"20241231"
"싹쓰리솥뚜껑김치삼겹살","경기도 고양시 일산동구 백석동 1247-6","41","41281","126.790673","37.6459476","경기",,,"삼겹살",,"20241231"
"우렁각시쌈밥총각","경기도 고양시 일산동구 백석동 1318","41","41281","126.7887774","37.6389361","경기",,,"우렁이쌈밥",,"20241231"
"별미진미","경기도 고양시 일산동구 백석동 1411-4","41","41281","126.7797765","37.6468084","경기",,,"게장",,"20241231"
"별미진미","경기도 고양시 일산동구 백석동 1411-4","41","41281","126.7797765","37.6468084","경기",,,"게장",,"20241231"
"제주쉬멍해장국","경기도 고양시 일산서구 대화동 137-2","41","41281","126.7415552","37.6850991","경기",,,"제주식소고기해장국",,"20241231"
"허육도","경기도 고양시 일산서구 덕이동 446-4","41","41281","126.7537828","37.6907657","경기",,,"해물찜",,"20241231"
"홍두깨칼국수","경기도 광명시 오리로964번길 17","41","41281","126.8566618","37.480599","경기",,,"손칼국수","3500","20241231"
"파라호","경기도 구리시 아차산로 417 교문동 108 성원쇼파","41","41310","127.1309101","37.5923481","경기",,,"매운탕",,"20241231"
"자성화맛집코다리네","경기도 군포시 당동 973-9","41","41410","126.9395374","37.3443318","경기",,,"코다리조림",,"20241231"
"봉구네고기집","경기도 김포시 양촌읍 석모리 1011-2","41","41570","126.6404951","37.6524696","경기",,,"소돼지직화구이",,"20241231"
"진흥관","경기도 김포시 양촌읍 석모리 1191","41","41570","126.6439714","37.6527519","경기",,,"짜장면",,"20241231"
"큰손참붕어찜","경기도 김포시 양촌읍 석모리 544-2","41","41570","126.6498409","37.6645984","경기",,,"붕어찜",,"20241231"
"박승광손칼국수","경기도 김포시 장기동 157-2","41","41570","126.6582049","37.6485336","경기",,,"해물손칼국수",,"20241231"
"대문집","경기도 남양주시 고산로 249-12 1층 일부호(삼패동, 기와집1979)","41","41360","127.1937905","37.5946096","경기",,,"한우고기말이&강된장볶음밥","23000","20241231"
"수인씨의마당","경기도 남양주시 별내동 265","41","41360","127.1064785","37.6625305","경기",,,"시래기",,"20241231"
"시가올","경기도 남양주시 삼패동 589-2","41","41360","127.1877558","37.5935868","경기",,,"비빔국수",,"20241231"
"개성집","경기도 남양주시 와부읍 경강로 876","41","41360","127.2349971","37.5593937","경기",,,"오이소박이냉국수","8000","20241231"
"팔당초계국수","경기도 남양주시 와부읍 팔당리 80-11","41","41360","127.2546647","37.5411164","경기",,,"초계국수",,"20241231"
"더수제비","경기도 남양주시 조안면 삼봉리 276-3","41","41360","127.3377147","37.5918731","경기",,,"수제비",,"20241231"
"메봉골황제능이버섯","경기도 남양주시 화도읍 금남리 511-79","41","41360","127.3526468","37.6338216","경기",,,"해신탕",,"20241231"
"스위트로빈","경기도 동두천시 보산동 426-5","41","41250","127.0567768","37.9150286","경기",,,"디저트",,"20241231"
"오륙하우스","경기도 동두천시 보산동 430-8","41","41250","127.0555099","37.9173605","경기",,,"경양식",,"20241231"
"원조다래솥뚜껑","경기도 동두천시 생연동 369-7","41","41250","127.0586706","37.8988647","경기",,,"솥뚜껑구이",,"20241231"
"황주생고기","경기도 동두천시 생연동 823-19","41","41250","127.05188","37.9050694","경기",,,"한우",,"20241231"
"삼도갈비","경기도 부천시 상2동 573-1","41","41190","126.7540766","37.5005944","경기",,,"한우생갈비",,"20241231"
"김치테마파크","경기도 부천시 상동 529-2","41","41190","126.7465862","37.5120435","경기",,,"김치",,"20241231"
"추억의연탄집","경기도 성남시 분당구 구미동 34-5","41","41135","127.11175","37.3485478","경기",,,"고추장삼겹살",,"20241231"
"화수목","경기도 성남시 분당구 서현동 273-1","41","41135","127.1206886","37.3850485","경기",,,"스키야키",,"20241231"
"찌마기","경기도 성남시 분당구 정자동 53-3","41","41135","127.1144493","37.3712486","경기",,,"조개찜",,"20241231"
"경포","경기도 성남시 수정구 복정동 38-24","41","41131","127.144599","37.4601728","경기",,,"돼지갈비정식",,"20241231"
"오불뚝","경기도 성남시 수정구 창곡동 551-1","41","41131","127.1377083","37.4661506","경기",,,"오징어볶음",,"20241231"
"티마하우스","경기도 수원시 영통구 이의동 1222-4","41","41131","127.0545801","37.3119576","경기",,,"비건양식",,"20241231"
"진미통닭","경기도 수원시 팔달구 남수동 117-1","41","41115","127.0181226","37.2796585","경기",,,"통닭",,"20241231"
"무쇳집","경기도 수원시 팔달구 인계동 1113-10","41","41115","127.0316138","37.2636057","경기",,,"등심",,"20241231"
"안일옥 본점","경기도 안성시 중앙로411번길 20","41","41173","127.272872","37.0076865","경기",,,"설렁탕","9000","20241231"
"에버그린","경기도 안양시 동안구 관양 2동 1487-28","41","41173","126.9699008","37.3987925","경기",,,"돈가스",,"20241231"
"금강올갱이해장국","경기도 안양시 동안구 관양동 1450-10","41","41173","126.9612313","37.4031413","경기",,,"다슬기해장국",,"20241231"
"옛집","경기도 안양시 만안구 안양 6동 517-19","41","41173","126.9282562","37.3878291","경기",,,"쌈밥",,"20241231"
"삼촌식당","경기도 안양시 만안구 안양동 695-150","41","41173","126.918235","37.4019225","경기",,,"카레",,"20241231"
"평양면옥","경기도 양주시 장흥면 호국로 515","41","41173","126.9715547","37.7170467","경기",,,"꿩냉면","11000","20241231"
"평양초계탕","경기도 양평군 강하면 전수리 564-2","41","41830","127.4195843","37.5014386","경기",,,"초계탕",,"20241231"
"개군할머니토종순대국","경기도 양평군 개군면 하자포길 29","41","41830","127.537792","37.4257469","경기",,,"토종순대국","10000","20241231"
"두메향기산","경기도 양평군 양서면 목왕리 87","41","41830","127.3856533","37.5525152","경기",,,"산나물비빔밥",,"20241231"
"오산할머니집","경기도 오산시 오산로300번길 3","41","41830","127.0690666","37.1537521","경기",,,"설렁탕","10000","20241231"
"한참치","경기도 용인시 기흥구 보정동 1184-4","41","41463","127.1106989","37.3218424","경기",,,"참치회",,"20241231"
"청솔유황오리진흙구이","경기도 용인시 수지구 동천동 152-3","41","41463","127.0956311","37.343317","경기",,,"오리진흙구이",,"20241231"
"바위꽃","경기도 용인시 처인구 삼가동 241-48","41","41463","127.1762152","37.2380666","경기",,,"굴",,"20241231"
"일출보리밥집","경기도 의왕시 내손동 226","41","41430","126.9854117","37.378601","경기",,,"보리밥",,"20241231"
"전라도일키로바지락칼국수","경기도 의왕시 청계동 534","41","41430","127.011826","37.3926517","경기",,,"바지락칼국수",,"20241231"
"콩지팥찌","경기도 의왕시 청계동 544-1","41","41430","127.0102823","37.3932937","경기",,,"팥죽",,"20241231"
"외식하기가장좋은집","경기도 의왕시 포일동 505-117","41","41430","126.9869666","37.3937566","경기",,,"돼지갈비",,"20241231"
"청운누룽지백숙","경기도 의왕시 학의동 593-1","41","41430","127.0046983","37.3739583","경기",,,"누룽지닭백숙",,"20241231"
"정통부대고기","경기도 의정부시 가능3동 578-19","41","41150","127.027303","37.7446234","경기",,,"부대볶음",,"20241231"
"오뎅식당","경기도 의정부시 호국로1309번길 7","41","41150","127.0494305","37.7440827","경기",,,"부대찌개","9000","20241231"
"맷돌우리콩감자탕","경기도 파주시 문발동 545-1","41","41480","126.7074527","37.728737","경기",,,"콩비지감자탕",,"20241231"
"은하장","경기도 파주시 문산읍 문향로 78","41","41480","126.7860424","37.8584828","경기",,,"짜장면","5500","20241231"
"청산어죽","경기도 파주시 서패동 183-3","41","41480","126.6956688","37.7142694","경기",,,"어죽",,"20241231"
"류재은베이커리","경기도 파주시 탄현면 성동리 187-1","41","41480","126.6872275","37.7884699","경기",,,"마늘빵, 파네토네",,"20241231"
"파주옥 평택본점","경기도 평택시 중앙2로 3","41","41650","127.087481","36.9919465","경기",,,"곰탕","9000","20241231"
"김근자할머니집","경기도 포천시 이동면 장암1길 14","41","41650","127.366814","38.0353655","경기",,,"양념갈비","38000","20241231"
"털보네바베큐","경기도 하남시 미사동 309","41","41650","127.2012894","37.5716713","경기",,,"장어참나무직화구이",,"20241231"
"강변손두부","경기도 하남시 미사동로 105-1","41","41650","127.2037735","37.5762674","경기",,,"생두부&하얀순두부&빨간순두부","10000","20241231"
"팔당원조칼제비칼국수","경기도 하남시 창우동 4-9","41","41650","127.2375118","37.5414098","경기",,,"칼제비",,"20241231"
"왕대통수라찜","경기도 하남시 춘궁동 501-6","41","41650","127.1850513","37.5206564","경기",,,"대통찜",,"20241231"
"신동태","경기도 화성시 장지동 817-1","41","41590","127.1248324","37.1516926","경기",,,"알탕",,"20241231"
"라카사","경기도도 평택시 신장동 315-8","41","41650","127.0515704","37.0807282","경기",,,"멕시코 요리",,"20241231"
"사보르 페루아노","경기도도 평택시 신장동 319-4","41","41650","127.0524047","37.0806122","경기",,,"페루 요리",,"20241231"
"한밭갈비","경남 사천시 목섬길 26","48","48240","128.0753375","34.9256468","경남",,,"돼지생갈비",,"20241231"
"비엔나실비","경남 사천시 벌리9길 23 2층","48","48240","128.085554","34.9394384","경남",,,"실비 한 상",,"20241231"
"풍년복집","경남 사천시 수남길 82 풍년식당","48","48240","128.069645","34.9285144","경남",,,"복국&복매운탕","28000","20241231"
"박서방식당","경남 사천시 유람선길 14 박서방식당","48","48240","128.0638102","34.9307969","경남",,,"백반","15000","20241231"
"신사랑방","경북 구미시 금오산로 140","47","47190","128.3293404","36.1246684","경북",,,"북어물찜&북어국","9000","20241231"
"산동식당","경북 구미시 산동읍 강동로 1001","47","47190","128.4375328","36.1681105","경북",,,"머릿고기&보리비빔밥","30000","20241231"
"산동장안식당","경북 구미시 산동읍 강동로 840","47","47190","128.4550563","36.1650208","경북",,,"석쇠불고기 청국장정식","13000","20241231"
"거제고현시장","경상남도 거제시 고현동 98-27","48","48250","128.6236272","34.8862507","경남",,,,,"20241231"
"대동할매국수","경상남도 김해시 대동면 초정리 952-25","48","48250","128.9938456","35.2368743","경남",,,"구포국수",,"20241231"
"김정식의 삼일 뒷고기","경상남도 김해시 삼문동 97-5","48","48250","128.7987423","35.1976241","경남",,,"뒷고기",,"20241231"
"울산다찌","경상남도 통영시 봉평동 447","48","48220","128.4144769","34.8329844","경남",,,"다찌",,"20241231"
"할매우짜","경상남도 통영시 서호동 177-417","48","48220","128.4194147","34.8412857","경남",,,"우동, 짜장면",,"20241231"
"뚱보할머니김밥","경상남도 통영시 중앙동 129-3","48","48220","128.4236522","34.8438663","경남",,,"충무김밥",,"20241231"
"월산식육식당","경상남도 함양군 마천면 천왕봉로 1138","48","48220","127.6622391","35.3958178","경남",,,"소금구이","35000","20241231"
"교리김밥","경상북도 경주시 교동 69","47","47130","129.2162103","35.8308803","경북",,,"김밥",,"20241231"
"종갓집추어탕","경상북도 구미시 임은3길 16","47","47190","128.3644642","36.0889878","경북",,,"추어탕","8000","20241231"
"산마을식당","경상북도 울릉군 북면 136-2","47","47113","130.866106","37.5280801","경북",,,"산채정식","30000","20241231"
"윤금자모리칼국수","경상북도 포항시 북구 장성동 866-318","47","47113","129.3785099","36.0680204","경북",,,"모리국수",,"20241231"
"엘토르원조구룡포과메기","경상북도 포항시 북구 죽도동 47-8","47","47113","129.3648068","36.032501","경북",,,"과메기",,"20241231"
"장기식당","경상북도 포항시 북구 죽도시장3길 9-12","47","47113","129.3655871","36.0358566","경상",,,"곰탕","13000","20241231"
"송정떡갈비","광주 광산구 광산로29번길 1","29","29200","126.7948105","35.138964","광주",,,"육회비빔밥&떡갈비","15000","20241231"
"앵무동","광주 남구 봉선로79번길 2","29","29155","126.9061831","35.1263171","광주",,,"연포탕&소고기낙지탕탕이","45000","20241231"
"막동이회관","광주 동구 남문로 614","29","29110","126.9319279","35.1257335","광주",,,"생고기&토시살","15000","20241231"
"행복한밥상지도로","광주 북구 서암대로100번길 25","29","29170","126.89441","35.1701353","광주",,,"계절음식특선메뉴","10000","20241231"
"넓으실","광주광역시 북구 대촌길6번길 20-6","29","29170","126.8542598","35.2367033","광주",,,"활어회한상차림","90000","20241231"
"청학식당","대구광역시 남구 봉덕로1길 52-1","27","27230","128.5914396","35.8478324","대구",,,"섞어탕1","10000","20241231"
"칠성동할매콩국수 본점","대구광역시 북구 침산남로 40","27","27230","128.5807645","35.8884168","대구",,,"콩국수","9000","20241231"
"매봉식당","대전 대덕구 계족로664번길 113","29","29140","127.4352078","36.3702135","대전",,,"고기품은두부전골","27000","20241231"
"산막골가든","대전 서구 장안로 772-62","29","29140","127.3366209","36.196407","대전",,,"흑돼지구이","8000","20241231"
"한마음냉면","대전 유성구 진잠로70번길 41","30","30200","127.3184982","36.2984953","대전",,,"냉면&김치비빔","10000","20241231"
"고향콩나물집","대전 중구 보문로 305","30","30200","127.4199377","36.3293955","대전",,,"콩나물밥&육회&북어찜","7000","20241231"
"왕관식당","대전광역시 동구 선화로196번길 6","27","27140","127.4275366","36.3336014","대전",,,"육회(대)","9000","20241231"
"THE김밥","대전광역시 서구 갈마동 1217 102호","29","29140","127.3741838","36.3433664","대전",,,"옛날김밥",,"20241231"
"솔밭묵집","대전광역시 유성구 관용로 51","30","30200","127.3822725","36.4150279","대전",,,"닭도리탕","46000","20241231"
"산밑할머니묵집","대전광역시 유성구 관평동 544-4","30","30200","127.3810886","36.4160405","대전",,,"묵밥",,"20241231"
"진로집","대전광역시 중구 대흥동 314-1","30","30140","127.4247024","36.3258742","대전",,,"두부두루치기",,"20241231"
"속씨원한대구탕","부산 해운대구광역시 우동 643-5","26","26350","129.1554332","35.1608472","부산",,,"대구탕",,"20241231"
"내호냉면","부산광역시 남구 우암동 189-671","26","26290","129.0708627","35.1264731","부산",,,"밀면",,"20241231"
"신창국밥","부산광역시 동구 중앙대로214번길 3-4","26","26170","129.0412804","35.1163867","부산",,,"돼지국밥","8000","20241231"
"구기영조방낙지","부산광역시 동래구 명장 1동 63-4","26","26260","129.1060547","35.2046355","부산",,,"낙곱새",,"20241231"
"동래할매파전","부산광역시 동래구 복천동 367-2","26","26260","129.0838195","35.2046122","부산",,,"동래파전",,"20241231"
"송정3대국밥","부산광역시 진구 부전동 255-15","26","26260","129.0585416","35.1556809","부산",,,"돼지국밥",,"20241231"
"한방장어구이","부산광역시 연제구 거제동 879-13","26","26260","129.070744","35.1862908","부산",,,"양념장어",,"20241231"
"영도해녀촌","부산광역시 영도구 동삼1동 627","26","26260","129.0683006","35.0754386","부산",,,"영도 해녀김밥",,"20241231"
"사랑방","부산광역시 영도구 동삼동 983-9","26","26260","129.0808793","35.0635537","부산",,,"조개구이",,"20241231"
"한량","부산광역시 해운대구광역시 우동 1435","26","26350","129.1469545","35.1566385","부산",,,"꼬치구이",,"20241231"
"소이연남","서울 마포구 동교로 267 1층","11","11440","126.9253905","37.5635141","서울",,,"소고기국수","10000","20241231"
"다락정","서울 종로구 삼청로 131-1","11","11110","126.981505","37.5872361","서울",,,"녹두지짐&김치만두전골","12000","20241231"
"강구미주구리","서울 종로구 자하문로2길 5","11","11110","126.9730362","37.5765943","서울",,,"막회&백골뱅이구이&문어숙회&갈치조림","38000","20241231"
"고래불수산","서울 종로구 창경궁로 125-1","11","11110","126.9972998","37.5737178","서울",,,"고등어구이&민물새우수제비&가자미튀김","10000","20241231"
"을지로전주옥","서울 중구 수표로 63","11","11140","126.9894582","37.56687","서울",,,"오징어불갈비찜","28000","20241231"
"곰국수손만두","서울 중구 장충단로7길 31","11","11140","127.0046962","37.562448","서울",,,"곰국수&육전","9000","20241231"
"옥경이네건생선","서울 중구 퇴계로85길 7","11","11140","127.0195364","37.5660977","서울",,,"갑오징어구이&민어찜&서대조림","49000","20241231"
"무화잠 강남점","서울특별시 강남구 강남대로 338","11","11680","127.0257813","37.5061648","서울","http://무화잠.com/",,"대게찜 (100g)","11900","20241231"
"난장캠프","서울특별시 강남구 강남대로114길 10","11","11680","127.0252075","37.5057442","서울","https://nanjangcamp.modoo.at",,"생삼겹 참숯 통그릴구이","12000","20241231"
"배꼽집","서울특별시 강남구 강남대로128길 22","11","11680","127.0241178","37.510083","서울",,,"명품갈비탕","15000","20241231"
"닭한마리감자탕","서울특별시 강남구 강남대로152길 13","11","11680","127.0205007","37.5174055","서울",,,"감자탕 2인","25000","20241231"
"네기 NEGI","서울특별시 강남구 강남대로152길 67","11","11680","127.0245317","37.5190285","서울",,,"제철 사시미 모리아와세(모둠) 4인","93000","20241231"
"마산옥","서울특별시 강남구 강남대로152길 9","11","11680","127.0202321","37.5172666","서울",,,"모듬찜 중","50000","20241231"
"정돈프리미엄 신사점","서울특별시 강남구 강남대로160길 28","11","11680","127.0210494","37.5197745","서울",,,"로스","18000","20241231"
"미미면가","서울특별시 강남구 강남대로160길 29","11","11680","127.0210965","37.5200869","서울","https://mimimyunga.modoo.at/",,"고등어구이 온소바","18000","20241231"
"장서는날","서울특별시 강남구 강남대로78길 35","11","11680","127.032288","37.4957347","서울",,,"신포시장 김치섞어찌개","8000","20241231"
"땀땀","서울특별시 강남구 강남대로98길 12-5","11","11680","127.0279808","37.5004018","서울",,,"포 모이","15000","20241231"
"마포쉐프 강남역점","서울특별시 강남구 강남대로98길 16 파빌리온빌딩","11","11680","127.0280292","37.5007047","서울",,,"마초삼겹스테이크","19900","20241231"
"돌곰네","서울특별시 강남구 논현동 105 동현아파트 상가 지하","11","11680","127.0363736","37.5193396","서울",,,"문어",,"20241231"
"뉴문한우육회","서울특별시 강남구 논현동 143-2","11","11680","127.0228017","37.5097169","서울",,,"육회",,"20241231"
"건대통골뱅이","서울특별시 강남구 논현동 143-26","11","11680","127.0232023","37.5088934","서울",,,"골뱅이탕",,"20241231"
"새마을식당","서울특별시 강남구 논현동 164-12","11","11680","127.0237316","37.5076795","서울",,,"불고기",,"20241231"
"고요남","서울특별시 강남구 논현동 164-14","11","11680","127.0236097","37.5079654","서울",,,"소갈비찜",,"20241231"
"그릭슈바인","서울특별시 강남구 논현동 17","11","11680","127.0201916","37.5153925","서울",,,"슈바인학센",,"20241231"
"사람사는 고깃집 김일도","서울특별시 강남구 논현동 183-8","11","11680","127.0255033","37.5068175","서울",,,"숙성돼지고기",,"20241231"
"아카라","서울특별시 강남구 논현동 272-31","11","11680","127.0399169","37.5101718","서울",,,"로바다야끼",,"20241231"
"서경도락","서울특별시 강남구 논현동 60","11","11680","127.0293669","37.5197599","서울",,,"직화소불고기",,"20241231"
"자연석돌구이","서울특별시 강남구 논현동 97-18","11","11680","127.0353227","37.5206852","서울",,,"대패삼겹살",,"20241231"
"우시야","서울특별시 강남구 논현로159길 11","11","11680","127.0272046","37.522912","서울",,,"A코스","59000","20241231"
"한추","서울특별시 강남구 논현로175길 68","11","11680","127.0234405","37.5241075","서울",,,"후라이드치킨","17000","20241231"
"킹콩 스테이크","서울특별시 강남구 논현로175길 69 원영빌딩","11","11680","127.0234579","37.5238505","서울",,,"함박스테이크 라이스 런치","8000","20241231"
"고래불 역삼점","서울특별시 강남구 논현로79길 62","11","11680","127.034042","37.4963219","서울",,,"동해돌문어숙회","45000","20241231"
"하오","서울특별시 강남구 대치동 895 4층","11","11680","127.0539061","37.5041798","서울",,,"북경오리",,"20241231"
"진대감","서울특별시 강남구 대치동 895-11","11","11680","127.0539805","37.5040317","서울",,,"차돌삼합",,"20241231"
"채근담","서울특별시 강남구 대치동 983","11","11680","127.0650207","37.5034299","서울",,,"비건한정식",,"20241231"
"맛자랑","서울특별시 강남구 대치동 987-7","11","11680","127.0631444","37.5002929","서울",,,"콩국수",,"20241231"
"초량돼지","서울특별시 강남구 대치동 996-14","11","11680","127.0657544","37.5086497","서울",,,"돼지껍데기",,"20241231"
"포브라더스","서울특별시 강남구 도곡동 424-5","11","11680","127.0442799","37.4830366","서울",,,"안심 쌀국수, 월남쌈",,"20241231"
"봉족발","서울특별시 강남구 도곡동 954-12","11","11680","127.0349171","37.4854832","서울",,,"이색족발",,"20241231"
"서경도락 도산대로점","서울특별시 강남구 도산대로 208","11","11680","127.03414","37.5210682","서울",,,"평양식 직화불고기","26000","20241231"
"호무랑","서울특별시 강남구 도산대로 442","11","11680","127.0436578","37.5233934","서울","https://srs.echosunhotel.com/homurang/intro.do?rstrntCode=HOMURANG",,"산마붓가케소바","24000","20241231"
"새벽집 청담동점","서울특별시 강남구 도산대로101길 6","11","11680","127.0529061","37.525518","서울","http://saebyukjip.modoo.at/",,"꽃등심(150g)","58000","20241231"
"듀자미","서울특별시 강남구 도산대로11길 28","11","11680","127.0225811","37.519367","서울",,,"카라멜 소금케이크(조각)","6700","20241231"
"배러댄비프","서울특별시 강남구 도산대로11길 5","11","11680","127.0222988","37.5178137","서울",,,"오리지널그릴드삼겹살","19000","20241231"
"베러댄비프","서울특별시 강남구 도산대로11길 5","11","11680","127.0222988","37.5178137","서울",,,"버라이어티 삼겹살","33200","20241231"
"달식탁","서울특별시 강남구 도산대로15길 11","11","11680","127.0237617","37.5190758","서울","http://dalsiktak.kr",,"조갯살이 들어간 방아잎전","28000","20241231"
"댈러스바베큐","서울특별시 강남구 도산대로15길 32-10 지하 1층","11","11680","127.0235436","37.5209049","서울","http://www.instagram.com/dallas_bbq",,"댈러스플래터","43000","20241231"
"C27 가로수길점","서울특별시 강남구 도산대로15길 39","11","11680","127.0232442","37.5207485","서울","https://www.instagram.com/27cheesecake/",,"치즈케이크","8900","20241231"
"두레국수","서울특별시 강남구 도산대로37길 28","11","11680","127.0315325","37.5228568","서울",,,"두레국수","8000","20241231"
"스시선수","서울특별시 강남구 도산대로45길 6 호림아트센터 2빌딩","11","11680","127.0363682","37.5228477","서울","http://sushisunsoo.modoo.at/",,"점심 스시세트","65000","20241231"
"도산분식 도산공원점","서울특별시 강남구 도산대로49길 10-6 젤로빌딩","11","11680","127.0378901","37.523692","서울","http://www.instagram.com/dosanbunsik",,"도산떡볶이","5500","20241231"
"리틀넥 청담점","서울특별시 강남구 도산대로51길 17","11","11680","127.0377654","37.5242307","서울","http://instagram.com/littleneckseoul",,"에그 베이컨 프레첼","12000","20241231"
"오아시스","서울특별시 강남구 도산대로55길 20","11","11680","127.0406188","37.5247834","서울","http://www.instagram.com/oasisbrunch",,"타이 누들 샐러드","22000","20241231"
"파스토","서울특별시 강남구 도산대로62길 17 지층 PASTO","11","11680","127.0430966","37.5222528","서울","http://www.pasto.kr/",,"SEA URCHIN","36000","20241231"
"밍글스","서울특별시 강남구 도산대로67길 19 힐탑빌딩 2층","11","11680","127.0441743","37.525389","서울","http://www.restaurant-mingles.com/",,"런치메뉴(재철 회 + 도토리묵 + 산초페스토 + 나주배 + 흑임자 + 돼지감자 규아상 + 모렐버섯 + 양지육수 + 오늘의 생선요리 + 제철 과일 타르트 + 떡갈비 반상 or 랍스터 or 다양한 부위의 한우 + 티 or 커피)","90000","20241231"
"테라13","서울특별시 강남구 도산대로90길 13","11","11680","127.0491532","37.5235011","서울",,,"블랙 트러플과 페스토 파케리","35000","20241231"
"영천영화","서울특별시 강남구 도산대로90길 3","11","11680","127.049586","37.5239654","서울","http://www.ycyh.co.kr",,"한우육회","32000","20241231"
"카퍼룸","서울특별시 강남구 봉은사로 410","11","11680","127.0453885","37.5102947","서울","http://www.instagram.com/copperroom_brewery",,"카퍼싱글","8000","20241231"
"봉화전","서울특별시 강남구 봉은사로 632","11","11680","127.064561","37.5146421","서울",,,"육전모듬","25000","20241231"
"옛골","서울특별시 강남구 봉은사로24길 12","11","11680","127.0325732","37.505949","서울",,,"꽁치 묵은지 찌개","18000","20241231"
"더블트러블","서울특별시 강남구 봉은사로4길 22 1층","11","11680","127.0263822","37.5033813","서울","http://www.instagram.com/double_trouble_korea",,"더블트러블","10900","20241231"
"대가","서울특별시 강남구 봉은사로4길 24","11","11680","127.0264275","37.5032837","서울",,,"만두전골 중","25000","20241231"
"이딸라시안","서울특별시 강남구 봉은사로4길 36 운현빌딩 지하 1층","11","11680","127.0268427","37.5024963","서울","https://www.facebook.com/italasian",,"채끝 등심 파히타(2인)","31000","20241231"
"토끼정 강남점","서울특별시 강남구 봉은사로6길 32","11","11680","127.0272897","37.5029721","서울","http://www.instagram.com/tokkijung_seoul",,"깻잎 불고기 사라다를 듬뿍 올려먹는 맛있는 밥","12500","20241231"
"바비레드 강남본점","서울특별시 강남구 봉은사로6길 39","11","11680","127.0279341","37.5026917","서울","http://www.facebook.com/mybobired",,"바비스테이크","20000","20241231"
"비야게레로","서울특별시 강남구 봉은사로78길 12","11","11680","127.0527842","37.5119628","서울",,,"까르니따 따꼬","4000","20241231"
"시추안하우스","서울특별시 강남구 삼성동 154-11","11","11680","127.0579536","37.5096735","서울",,,"사천요리",,"20241231"
"미인삼계탕","서울특별시 강남구 삼성동 159 코엑스 지하2층","11","11680","127.0588194","37.5125207","서울",,,"삼계탕",,"20241231"
"설로인","서울특별시 강남구 삼성동 48-4","11","11680","127.0503193","37.5136294","서울",,,"한우오마카세",,"20241231"
"외고집설렁탕","서울특별시 강남구 삼성로 555 알앤텍빌딩 1층","11","11680","127.0542654","37.5110777","서울","http://oegojip.modoo.at/",,"설렁탕","11000","20241231"
"고운님","서울특별시 강남구 삼성로81길 22","11","11680","127.0558701","37.5043403","서울",,,"갑오징어 데침","48000","20241231"
"청국장 서갈비","서울특별시 강남구 선릉로 420","11","11680","127.0502667","37.5025104","서울",,,"청국장","7000","20241231"
"토말","서울특별시 강남구 선릉로121길 13","11","11680","127.041216","37.5137157","서울",,,"보리굴비","25000","20241231"
"스위츠플레닛","서울특별시 강남구 선릉로131길 23","11","11680","127.0391027","37.5171927","서울",,,"얼그레이 롤케이크 piece","5500","20241231"
"대가방","서울특별시 강남구 선릉로145길 13","11","11680","127.0385322","37.521186","서울","http://daegabang.modoo.at/",,"탕수육","20000","20241231"
"현대정육식당","서울특별시 강남구 선릉로146길 5","11","11680","127.0401576","37.5219455","서울",,,"김치찌개","7000","20241231"
"옛날집","서울특별시 강남구 선릉로148길 38","11","11680","127.0426291","37.5226832","서울",,,"고갈비","22000","20241231"
"청담골","서울특별시 강남구 선릉로148길 48","11","11680","127.0433975","37.5227344","서울",,,"고등어 백반","10000","20241231"
"울프강 스테이크하우스","서울특별시 강남구 선릉로152길 21","11","11680","127.0414635","37.5244965","서울","http://wolfgangssteakhouse.co.kr/",,"포터하우스스테이크(1000g)","253000","20241231"
"레스쁘아 뒤 이부","서울특별시 강남구 선릉로152길 33","11","11680","127.0423009","37.5245501","서울",,,"오리다리 꽁피","48000","20241231"
"루비떡볶이","서울특별시 강남구 선릉로153길 21","11","11680","127.0376357","37.5246365","서울",,,"루비네 떡볶이","3500","20241231"
"이치에(Ichie)","서울특별시 강남구 선릉로155길 23-3","11","11680","127.0376804","37.5253822","서울",,,"사시미 모리와아세(모둠 생선회)","63000","20241231"
"오통영 청담점","서울특별시 강남구 선릉로158길 10 한나빌딩 지하2층","11","11680","127.040837","37.5254222","서울",,,"전복무쇠솥밥(2인)","44000","20241231"
"고센인코퍼레이티드 청담점","서울특별시 강남구 선릉로158길 18","11","11680","127.0414493","37.5252641","서울","https://www.i-goshen.com/",,"홍합 치즈 떡볶이","29000","20241231"
"갓포아키 청담점","서울특별시 강남구 선릉로162길 12","11","11680","127.0414632","37.526753","서울","https://instagram.com/kappo_akii?igshid=1kkcxn4tm15qa",,"모둠사시비 4피스","98000","20241231"
"아티장베이커스","서울특별시 강남구 선릉로64길 11-2","11","11680","127.0532687","37.4980851","서울",,,"라우겐 크로아상","3300","20241231"
"파이어벨","서울특별시 강남구 선릉로72길 13","11","11680","127.0522277","37.5003784","서울","https://www.facebook.com/FIREBELLBURGER",,"루키버거","7000","20241231"
"농민백암순대","서울특별시 강남구 선릉로86길 40-4","11","11680","127.0530043","37.5037129","서울",,,"국밥","7000","20241231"
"농민백암순대 본점","서울특별시 강남구 선릉로86길 40-4","11","11680","127.0530043","37.5037129","서울",,,"국밥","8000","20241231"
"정돈프리미엄","서울특별시 강남구 신사동 519-4","11","11680","127.0210494","37.5197745","서울",,,"로스, 히레",,"20241231"
"김복순큰남비집","서울특별시 강남구 신사동 522","11","11680","127.0199706","37.5207331","서울",,,"김치찌개",,"20241231"
"미드가르드","서울특별시 강남구 신사동 561-11 4층","11","11680","127.0250234","37.5191087","서울",,,"스테이크",,"20241231"
"개화옥등심","서울특별시 강남구 신사동 574-5","11","11680","127.0251772","37.5250127","서울",,,"한우 불고기 세트",,"20241231"
"청청","서울특별시 강남구 신사동 588-12","11","11680","127.0311082","37.5215066","서울",,,"골뱅이",,"20241231"
"한일관","서울특별시 강남구 신사동 619-4","11","11680","127.0324911","37.527824","서울",,,"불고기",,"20241231"
"스시마리","서울특별시 강남구 신사동 652-11","11","11680","127.0379418","37.5235892","서울",,,"스시오마카세",,"20241231"
"쉬림프팩토리","서울특별시 강남구 신사동 655-8","11","11680","127.0385522","37.5250424","서울",,,"쉬팩플래터, 스테이크",,"20241231"
"구스테이크 528","서울특별시 강남구 압구정로 108","11","11680","127.0205789","37.5229191","서울","http://www.facebook.com/goostk",,"드라이에이징 티본 (100g)","30000","20241231"
"악소","서울특별시 강남구 압구정로 151","11","11680","127.0244795","37.5262221","서울",,,"노말 브뢰헷","1200","20241231"
"대감왕족발","서울특별시 강남구 압구정로 216","11","11680","127.0310213","37.5280575","서울",,,"족발 소","25000","20241231"
"만두집","서울특별시 강남구 압구정로 338","11","11680","127.0389013","37.527921","서울","http://mandoojip.modoo.at/",,"만두전골","60000","20241231"
"투뿔등심(가로수길점)","서울특별시 강남구 압구정로12길 18","11","11680","127.0373028","37.5265851","서울","http://www.dinehill.co.kr/",,"숙성등심(150g)","34000","20241231"
"한일관","서울특별시 강남구 압구정로38길 14","11","11680","127.0324911","37.527824","서울","http://www.hanilkwan.co.kr/",,"불고기","29000","20241231"
"카페 노티드 청담점","서울특별시 강남구 압구정로46길 53 미래빌딩 1층","11","11680","127.0361712","37.5251059","서울","http://instagram.com/cafeknotted",,"노티드그린","6500","20241231"
"백곰막걸리&양조장","서울특별시 강남구 압구정로48길 39","11","11680","127.0370724","37.525931","서울","http://whitebear.modoo.at/",,"연잎 간재미찜","24000","20241231"
"삐아프","서울특별시 강남구 압구정로4길 27-3","11","11680","127.0207197","37.5215457","서울","http://blog.naver.com/bulabog",,"봉봉 6구 세트","16500","20241231"
"개화옥","서울특별시 강남구 압구정로50길 7","11","11680","127.0386098","37.5277455","서울","http://blog.naver.com/koreafood_gaewhaok",,"된장국수","8000","20241231"
"볼트82","서울특별시 강남구 압구정로72길 22","11","11680","127.0449728","37.5250201","서울","https://vault82.modoo.at",,"포터하우스 100g (최소주문 800g)","26000","20241231"
"마코토 청담점","서울특별시 강남구 압구정로80길 37","11","11680","127.0435585","37.524384","서울","http://blog.naver.com/bladiyong",,"특사시미 모리아와세","149000","20241231"
"양식당더램키친","서울특별시 강남구 압구정로8길 5","11","11680","127.0213451","37.5230239","서울",,,"양갈비","28600","20241231"
"짱이네산곰장어","서울특별시 강남구 언주로 605","11","11680","127.0371983","37.5093696","서울",,,"산곰장어","17000","20241231"
"홈수끼 학동점","서울특별시 강남구 언주로 708","11","11680","127.0357018","37.5163933","서울",,,"런치A코스(평일/ 오늘의 스프 + 모듬채소 + 소고기등심 + 모듬해물 + 칼국수 또는 죽 + 후식)","22800","20241231"
"한성칼국수","서울특별시 강남구 언주로 735","11","11680","127.0336858","37.5207829","서울",,,"새우전","22000","20241231"
"한성칼국수 논현점","서울특별시 강남구 언주로 735 국민은행 지하","11","11680","127.0336858","37.5207829","서울",,,"칼국수","9000","20241231"
"자연석돌구이","서울특별시 강남구 언주로148길 9","11","11680","127.0353227","37.5206852","서울",,,"대패삼겹살","12000","20241231"
"Just Steak","서울특별시 강남구 언주로152길 11-7","11","11680","127.0344011","37.5231314","서울",,,"T-Bone Steak (100g)","17300","20241231"
"더키친살바토레쿠오모","서울특별시 강남구 언주로164길 29","11","11680","127.0360229","37.5256572","서울","http://salvatorecuomo.kr",,"DOC피자","20000","20241231"
"더 키친 살바토레 쿠오모","서울특별시 강남구 언주로164길 29 영안빌딩 1층","11","11680","127.0360249","37.5256583","서울","http://salvatorecuomo.kr",,"D.O.C 피자","25000","20241231"
"갓포치유","서울특별시 강남구 언주로164길 34-2","11","11680","127.0361803","37.5252495","서울","http://instagram.com/kappo_chiyu",,"닭다리살 후라이","12000","20241231"
"왕자장어","서울특별시 강남구 언주로164길 35-4","11","11680","127.0365821","37.5255607","서울",,,"아나고구이 (1인분)","28000","20241231"
"스시코마츠","서울특별시 강남구 언주로165길 7-10","11","11680","127.0322584","37.5252173","서울",,,"런치 오마카세","80000","20241231"
"참한간장게장","서울특별시 강남구 언주로168길 15","11","11680","127.0348867","37.5264494","서울","http://www.chamhan.kr/",,"참한 모둠정식","39000","20241231"
"그라노","서울특별시 강남구 언주로168길 16","11","11680","127.0349309","37.5261518","서울",,,"어란파스타","44000","20241231"
"동경전통육개장","서울특별시 강남구 역삼1동 647-7","11","11680","127.0327226","37.5004257","서울",,,"육개장",,"20241231"
"대우식당","서울특별시 강남구 역삼동 641-18","11","11680","127.0352544","37.5027556","서울",,,"부대찌개",,"20241231"
"꽃새우영번지","서울특별시 강남구 역삼동 689-6","11","11680","127.0413738","37.5061946","서울",,,"새우",,"20241231"
"통영집","서울특별시 강남구 역삼동 696-31","11","11680","127.047394","37.5064786","서울",,,"도다리쑥국",,"20241231"
"강남목장","서울특별시 강남구 역삼동 725-25","11","11680","127.0403083","37.5003624","서울",,,"한우특수부위",,"20241231"
"강남목장","서울특별시 강남구 역삼동 725-25","11","11680","127.0403083","37.5003624","서울",,,"한우",,"20241231"
"현대북어찜황태전골","서울특별시 강남구 역삼동 738-11","11","11680","127.0371562","37.4988753","서울",,,"북어탕",,"20241231"
"새우상회","서울특별시 강남구 역삼동 820-2 2층","11","11680","127.0276172","37.4994631","서울",,,"양념새우",,"20241231"
"대낚식당","서울특별시 강남구 역삼로 137 1층 대낚식당","11","11680","127.0344748","37.4945632","서울","https://www.instagram.com/dae__nakk/",,"대낙새","22000","20241231"
"정육식당 대치점","서울특별시 강남구 역삼로 450","11","11680","127.0564316","37.5021852","서울",,,"생등심(200g)","37000","20241231"
"뜨락","서울특별시 강남구 영동대로142길 13-3","11","11680","127.0555561","37.5244137","서울","http://www.instagram.com/tteurak_jk",,"안심(150g)","48000","20241231"
"무등산","서울특별시 강남구 청담동 1-15","11","11680","127.0399604","37.5219183","서울",,,"육회비빔밥",,"20241231"
"청담정스시","서울특별시 강남구 청담동 122-30","11","11680","127.0498112","37.5254403","서울",,,"회전초밥",,"20241231"
"청담정스시","서울특별시 강남구 청담동 122-30","11","11680","127.0498112","37.5254403","서울",,,"초밥",,"20241231"
"청담골","서울특별시 강남구 청담동 19-17","11","11680","127.0433975","37.5227344","서울",,,"백반",,"20241231"
"동경육개장","서울특별시 강남구 테헤란로13길 8-3","11","11680","127.0327226","37.5004257","서울",,,"전통육개장","8000","20241231"
"강남돈까스","서울특별시 강남구 테헤란로1길 40 지하1층","11","11680","127.0272585","37.5009076","서울",,,"김치치즈나베","9000","20241231"
"대우식당","서울특별시 강남구 테헤란로25길 34","11","11680","127.0352544","37.5027556","서울",,,"등심스테이크","38000","20241231"
"미쓰양꼬치","서울특별시 강남구 테헤란로64길 26","11","11680","127.0515542","37.5031284","서울",,,"양꼬치","11000","20241231"
"하동관","서울특별시 강남구 테헤란로78길 16","11","11680","127.0553917","37.505202","서울",,,"곰탕 특","15000","20241231"
"반룡산","서울특별시 강남구 테헤란로78길 26","11","11680","127.0557921","37.504494","서울","http://www.banryongsan.com/",,"가릿국밥","8000","20241231"
"진미평양냉면","서울특별시 강남구 학동로 305-3","11","11680","127.036033","37.5161614","서울","https://jinmipy.modoo.at/",,"냉면","10000","20241231"
"삼성원조양곱창","서울특별시 강남구 학동로101길 7","11","11680","127.0576271","37.5208705","서울",,,"곱창","18000","20241231"
"제이피셰프다이어리","서울특별시 강남구 학동로3길 30 제이피셰프다이어리","11","11680","127.022071","37.5136912","서울","https://www.instagram.com/jp_chefdiary/",,"트러플파스타","29000","20241231"
"드럼통떡볶이","서울특별시 강동구 길동 412-8","11","11740","127.1392951","37.5368565","서울",,,"퓨전분식",,"20241231"
"까시","서울특별시 강동구 길동 414-3","11","11740","127.1375418","37.536744","서울",,,"삼치구이",,"20241231"
"버섯잔치집","서울특별시 강동구 성내동 549-4","11","11740","127.1256774","37.528287","서울",,,"버섯전골",,"20241231"
"고모네원조콩탕북어탕","서울특별시 강동구 풍성로57길 13","11","11740","127.1359348","37.5296633","서울",,,"콩국수","9000","20241231"
"제주도 아줌마네집","서울특별시 강동구 풍성로58길 34","11","11740","127.1351429","37.5274779","서울",,,"전복해물탕 소","30000","20241231"
"땡초닭발","서울특별시 강북구 수유동 178-28 1층","11","11305","127.0243263","37.6420276","서울",,,"닭발",,"20241231"
"장하촌","서울특별시 강서구 가양동 238-7","11","11305","126.8404323","37.5714443","서울",,,"짜장면",,"20241231"
"전주뜰콩나물국밥","서울특별시 강서구 공항동 672-10","11","11500","126.8160539","37.5551559","서울",,,"콩나물국밥",,"20241231"
"등촌최월선칼국수","서울특별시 강서구 등촌동 654-95","11","11500","126.8567056","37.55604","서울",,,"버섯매운탕",,"20241231"
"농실가","서울특별시 강서구 등촌동 674-2","11","11500","126.839278","37.5593356","서울",,,"갈비탕",,"20241231"
"광주똑손이아구찜","서울특별시 강서구 마곡동 722-3","11","11500","126.8378637","37.5594007","서울",,,"아귀찜",,"20241231"
"고성막국수","서울특별시 강서구 방화대로49길 6-7","11","11500","126.816106","37.5774609","서울",,,"물막국수","7000","20241231"
"방화동쭈꾸미마을","서울특별시 강서구 방화동 451-8","11","11500","126.811124","37.5741121","서울",,,"쭈꾸미",,"20241231"
"유림","서울특별시 강서구 염창동 5-17 유림보신원","11","11500","126.8669323","37.5594198","서울",,,"닭볶음탕",,"20241231"
"사당삼겹살","서울특별시 관악구 남현동 1061-13","11","11620","126.9811646","37.4750072","서울",,,"냉동삼겹살",,"20241231"
"봉천동진순자김밥","서울특별시 관악구 봉천동 894-2","11","11620","126.9474535","37.481267","서울",,,"계란말이김밥",,"20241231"
"페리카나","서울특별시 관악구 봉천동 914-3","11","11620","126.9459628","37.4809658","서울",,,"치킨",,"20241231"
"살몬마켓","서울특별시 관악구 봉천동 972-37","11","11620","126.9264022","37.4903422","서울",,,"연어",,"20241231"
"김영자나주곰탕","서울특별시 관악구 서림동 110-6","11","11620","126.9388285","37.4736271","서울",,,"나주곰탕",,"20241231"
"BBQ치킨","서울특별시 관악구 신림동 산56-1 서울특별시대학교 글로벌공학교육센터","11","11620","126.9506582","37.4548035","서울",,,"황금 올리브유치킨",,"20241231"
"남도포장마차","서울특별시 관악구 청룡2길 3","11","11620","126.9459167","37.4811942","서울",,,"꽃게+수제비탕","시가","20241231"
"논밭골 왕갈비탕","서울특별시 관악구 청룡길 30","11","11620","126.9459366","37.4804837","서울",,,"왕갈비탕","9000","20241231"
"해밀손칼국수","서울특별시 관악구 청림6길 20","11","11620","126.9591771","37.4866962","서울",,,"해밀손칼국수","5000","20241231"
"볏짚구이이야기","서울특별시 관악구 행운동 1666-2","11","11620","126.9608566","37.4810602","서울",,,"곰장어",,"20241231"
"원조숯불소금구이","서울특별시 광진구 광나루로12길 19","11","11620","127.0676173","37.5467351","서울",,,"돼지 치맛살","13000","20241231"
"동해해물","서울특별시 광진구 동일로26길 16","11","11620","127.0667589","37.5452396","서울",,,"해물찜 중","45000","20241231"
"명봉샤브샤브양꼬치","서울특별시 광진구 뚝섬로31길 59","11","11620","127.0686599","37.5380983","서울",,,"양꼬치","12000","20241231"
"피자힐","서울특별시 광진구 워커힐로 177","11","11620","127.1114168","37.5551679","서울","https://www.walkerhill.com/vistawalkerhillseoul/dining/PizzaHill",,"콤비네이션피자","46000","20241231"
"매화반점 1호점","서울특별시 광진구 자양 4동 5-11","11","11215","127.0684913","37.5384351","서울",,,"양꼬치, 꿔바로우",,"20241231"
"안동참찜닭","서울특별시 광진구 자양동 1-17","11","11215","127.0699391","37.5395977","서울",,,"찜닭",,"20241231"
"매화반점","서울특별시 광진구 자양동 5-11","11","11215","127.0684913","37.5384351","서울",,,"깐쇼새우",,"20241231"
"고향양꼬치","서울특별시 광진구 자양동 5-12","11","11215","127.0683609","37.5384779","서울",,,"양고기",,"20241231"
"계탄집","서울특별시 광진구 자양동 553-264","11","11215","127.0677309","37.5342908","서울",,,"닭숯불구이",,"20241231"
"바른면집","서울특별시 광진구 화양동 12-33","11","11215","127.0707058","37.5433194","서울",,,"파스타",,"20241231"
"개미집","서울특별시 광진구 화양동 508-2","11","11215","127.0769516","37.5452218","서울",,,"낙곱새",,"20241231"
"황소곱창","서울특별시 광진구 화양동 9-24","11","11215","127.0685475","37.5415784","서울",,,"소곱창",,"20241231"
"강촌숯불닭갈비 본점","서울특별시 구로구 공원로6나길 35-2","11","11530","126.8917214","37.5044314","서울",,,"양념 숯불 닭갈비","11000","20241231"
"텐마루","서울특별시 금천구 가산동 143-44 2층","11","11545","126.8898938","37.4777183","서울",,,"창코나베",,"20241231"
"소문난","서울특별시 노원구 공릉동 571-16","11","11350","127.0723878","37.6219017","서울",,,"잔치국수",,"20241231"
"쪼매매운떡볶이","서울특별시 노원구 공릉로 208","11","11350","127.0777875","37.6282959","서울",,,"떡볶이 1인분","2500","20241231"
"바네하임","서울특별시 노원구 공릉로32길 54","11","11350","127.0820445","37.6216964","서울","http://www.facebook.com/vaneheimbrewery",,"수제소시지","23000","20241231"
"채선당","서울특별시 노원구 상계동 1267 토마토파르코빌딩 225-230","11","11350","127.0857083","37.6723874","서울",,,"삼계샤부샤부",,"20241231"
"무수옥","서울특별시 도봉구 도봉로165길 15","11","11320","127.0442222","37.6770328","서울",,,"설렁탕","10000","20241231"
"사거리짬뽕집","서울특별시 도봉구 방학동 677-20","11","11320","127.0416019","37.6620702","서울",,,"짬뽕",,"20241231"
"육전식당 1호점","서울특별시 동대문구 난계로30길 16","11","11230","127.0242953","37.57429","서울","https://www.instagram.com/yukjeon_official/",,"통삼겹살","13000","20241231"
"나정순할매쭈꾸미","서울특별시 동대문구 용신동 119-20","11","11230","127.0329381","37.5760042","서울",,,"쭈꾸미볶음",,"20241231"
"먹깨비해물아구찜","서울특별시 동대문구 장안동 345-1","11","11230","127.0715965","37.5704287","서울",,,"꽃게범벅",,"20241231"
"일미간장게장","서울특별시 동대문구 장한로24길 7","11","11230","127.0715021","37.5709439","서울",,,"꽃게탕","65000","20241231"
"전국통일닭발","서울특별시 동대문구 장한로6길 10","11","11230","127.0667281","37.5635146","서울",,,"불닭발","15000","20241231"
"광주식당","서울특별시 동대문구 청량리동 773","11","11230","127.0436402","37.5805756","서울",,,"청국장",,"20241231"
"광주식당","서울특별시 동대문구 청량리동 773","11","11230","127.0436402","37.5805756","서울",,,"청국장",,"20241231"
"광주식당","서울특별시 동대문구 홍릉로1길 21-6","11","11230","127.0436402","37.5805756","서울",,,"청국장","5000","20241231"
"니시키","서울특별시 동대문구 홍릉로1길 21-6","11","11230","127.0436402","37.5805756","서울",,,"붓가케우동","8000","20241231"
"길거리쌀국수","서울특별시 동작구 노량진동 148-87 2구간","11","11590","126.9452928","37.5135118","서울",,,"쌀국수",,"20241231"
"이모네폭탄밥","서울특별시 동작구 노량진동 148-91","11","11590","126.9458866","37.5133935","서울",,,"폭탄밥",,"20241231"
"상도실내포장마차","서울특별시 동작구 상도로 288","11","11590","126.9484642","37.5018257","서울",,,"오징어물회 소","20000","20241231"
"팔팔해물탕","서울특별시 동작구 신대방동 375-21","11","11590","126.9203667","37.4974217","서울",,,"해물탕",,"20241231"
"사이공리","서울특별시 동작구 장승배기로17길 1","11","11590","126.9396407","37.5070354","서울",,,"쌀국수","5000","20241231"
"용마루굴다리껍데기","서울특별시 마포구 공덕동 22-13","11","11440","126.9580739","37.5491282","서울",,,"돼지갈비, 돼지꼬리",,"20241231"
"웰빙김치찜","서울특별시 마포구 공덕동 256-5","11","11440","126.953314","37.5451968","서울",,,"돼지고기김치찜",,"20241231"
"황금콩밭","서울특별시 마포구 굴레방로1길 6","11","11440","126.9563906","37.5541604","서울",,,"생두부","10000","20241231"
"군자네","서울특별시 마포구 대흥동 337-62","11","11440","126.9395037","37.5455174","서울",,,"고등어김치찜",,"20241231"
"고등어김치찜전문점군자네","서울특별시 마포구 대흥로 53","11","11440","126.9395037","37.5455174","서울",,,"고등어김치찜","8000","20241231"
"장수갈매기","서울특별시 마포구 도화길 46","11","11440","126.9507075","37.5416638","서울",,,"갈매기살","13000","20241231"
"팔팔전복","서울특별시 마포구 도화동 181-5","11","11440","126.9509191","37.5420466","서울",,,"전복",,"20241231"
"달콤한거짓말","서울특별시 마포구 독막로 61-4 1  2층","11","11440","126.9205862","37.5480693","서울",,,"치즈파레트","6500","20241231"
"쿄베이커리","서울특별시 마포구 독막로 65-1","11","11440","126.9208486","37.5480896","서울",,,"명란바게트","3600","20241231"
"쿄베이커리 홍대점","서울특별시 마포구 독막로 65-1 상수동 오피스텔","11","11440","126.9246195","37.5487922","서울",,,"명란 바게트","3800","20241231"
"맛이차이나","서울특별시 마포구 독막로 68","11","11440","126.9207756","37.547611","서울",,,"짜장면","7000","20241231"
"치치 상수점","서울특별시 마포구 독막로 71","11","11440","126.9213596","37.5479822","서울","http://www.chi-chi.co.kr/",,"생연어","8000","20241231"
"하카다분코","서울특별시 마포구 독막로19길 43","11","11440","126.9237599","37.5489095","서울","http://www.instagram.com/hakatabunko_official",,"인라멘","8000","20241231"
"하카타분코","서울특별시 마포구 독막로19길 43","11","11440","126.9237599","37.5489095","서울",,,"인라멘","9000","20241231"
"하카타분코","서울특별시 마포구 독막로19길 43","11","11440","126.9237599","37.5489095","서울","http://www.instagram.com/hakatabunko_official",,"인라멘","9000","20241231"
"리틀파파포 합정본점","서울특별시 마포구 독막로3길 7","11","11440","126.9163982","37.5487571","서울","https://littlepapapho.modoo.at",,"양지 쌀국수","8000","20241231"
"밤새우리","서울특별시 마포구 독막로5길 28 1층","11","11440","126.9186753","37.5492264","서울","http://www.instagram.com/bamsaeuri",,"2인세트(채끝살+생등심+꽃등심+갈비살+치맛살+부채살+관자+새우+야채버섯모듬)","74000","20241231"
"금화로불고기","서울특별시 마포구 동교로 186-1","11","11440","126.9222662","37.556871","서울",,,"명품 숙성 삼겹살 150g","13000","20241231"
"삼국지","서울특별시 마포구 동교로 233","11","11440","126.9240213","37.5609521","서울",,,"샤브정식 140g","18000","20241231"
"Anh","서울특별시 마포구 동교로 262-13","11","11440","126.9257974","37.5626696","서울",,,"쌀국수","11000","20241231"
"라멘베라보","서울특별시 마포구 동교로 67","11","11440","126.9096582","37.5537504","서울",,,"베라보시오특선","9000","20241231"
"이미","서울특별시 마포구 동교로25길 7","11","11440","126.9219029","37.5574772","서울","https://www.instagram.com/cafeimi/",,"에스프레소 콘파나","5000","20241231"
"바다회사랑","서울특별시 마포구 동교로27길 60","11","11440","126.9210625","37.5604108","서울",,,"광어(소)","33000","20241231"
"랑빠스81","서울특별시 마포구 동교로30길 17-1 101호","11","11440","126.9251576","37.5602878","서울","https://limpasse81.modoo.at/",,"메르게즈(양고기 소시지)","25000","20241231"
"이요이요스시","서울특별시 마포구 마포대로 167","11","11440","126.9521812","37.5507379","서울",,,"런치스시추천코스","33000","20241231"
"현래장","서울특별시 마포구 마포대로 20","11","11440","126.945026","37.5383834","서울","http://현래장.com",,"손옛날짜장","5000","20241231"
"무삼면옥","서울특별시 마포구 마포대로12길 50","11","11440","126.9545009","37.5467221","서울",,,"100% 메밀물냉면","8000","20241231"
"도하정","서울특별시 마포구 마포대로4길 38 1층 도하정","11","11440","126.9465732","37.5379945","서울","https://www.instagram.com/dohajung2018/",,"소고기 듬뿍 곰탕","9000","20241231"
"한강껍데기","서울특별시 마포구 망원동 416-33","11","11440","126.9022895","37.5566651","서울",,,"돼지껍데기",,"20241231"
"만복기사식당","서울특별시 마포구 망원동 455-1","11","11440","126.8998973","37.5552761","서울",,,"고등어조림",,"20241231"
"청어람","서울특별시 마포구 망원동 482-3","11","11440","126.9075123","37.5581268","서울",,,"곱창전골",,"20241231"
"락희옥","서울특별시 마포구 백범로 170","11","11440","126.9490764","37.5443852","서울","https://lakhee1.blog.me/",,"보쌈","30000","20241231"
"락희옥 마포본점","서울특별시 마포구 백범로 170","11","11440","126.9490764","37.5443852","서울","https://lakhee1.blog.me/",,"보쌈","38000","20241231"
"The450","서울특별시 마포구 상수동 90-2","11","11440","126.9227468","37.5497047","서울",,,"함박스테이크",,"20241231"
"오복가정식","서울특별시 마포구 상암동 12-79","11","11440","126.8940992","37.5775139","서울",,,"백반",,"20241231"
"대두소곱창","서울특별시 마포구 새창로 36","11","11440","126.9536635","37.5413876","서울",,,"곱창구이","25000","20241231"
"굴다리식당","서울특별시 마포구 새창로 8-1","11","11440","126.9508069","37.5421063","서울",,,"김치찌개","7000","20241231"
"홍천한우곱창","서울특별시 마포구 새창로6길 4","11","11440","126.95251","37.5417257","서울",,,"한우곱창구이(1인분 250g)","22000","20241231"
"오비야","서울특별시 마포구 서교동 346-16","11","11440","126.9243704","37.5554612","서울",,,"냉소바",,"20241231"
"바다회사랑","서울특별시 마포구 서교동 352-1","11","11440","126.9193976","37.5554787","서울",,,"대방어회",,"20241231"
"뉴욕엔와이","서울특별시 마포구 서교동 358-118","11","11440","126.9223643","37.5529377","서울",,,"스테이크",,"20241231"
"강수돌곱창","서울특별시 마포구 서교동 358-136","11","11440","126.9221167","37.5529634","서울",,,"소곱창",,"20241231"
"훈남닭발","서울특별시 마포구 서교동 363-24","11","11440","126.9226374","37.5511277","서울",,,"국물닭발",,"20241231"
"김앤김대게전문점","서울특별시 마포구 서교동 372-1 3층","11","11440","126.9187278","37.5526745","서울",,,"랍스터",,"20241231"
"어메이징타일랜드","서울특별시 마포구 서교동 375-37","11","11440","126.9192688","37.5543492","서울",,,"쌀국수",,"20241231"
"우동카덴","서울특별시 마포구 서교동 391-5","11","11440","126.9150517","37.5516917","서울",,,"우동",,"20241231"
"징기스","서울특별시 마포구 서교동 407-4","11","11440","126.9226669","37.5502701","서울",,,"양고기",,"20241231"
"하노이안","서울특별시 마포구 서교동 408-18","11","11440","126.921336","37.5492367","서울",,,"쌀국수",,"20241231"
"툭툭누들타이","서울특별시 마포구 성미산로 161-8","11","11440","126.9240043","37.5651719","서울","https://www.instagram.com/tuktuknoodle/",,"팟 팍봉 무끄럽","16500","20241231"
"송가","서울특별시 마포구 성미산로 197","11","11440","126.9270071","37.5626028","서울",,,"유린기","13000","20241231"
"히메지","서울특별시 마포구 성미산로 198","11","11440","126.9267281","37.5623843","서울",,,"카레라이스","5500","20241231"
"커피리브레 연남점","서울특별시 마포구 성미산로 198","11","11440","126.9267281","37.5623843","서울","http://coffeelibre.kr/",,"아메리카노","4000","20241231"
"리치몬드과자점","서울특별시 마포구 성산동 114-5","11","11440","126.9156306","37.5613982","서울",,,"슈크림, 바토시트롱",,"20241231"
"옹달샘 본점","서울특별시 마포구 양화로6길 99","11","11440","126.9197137","37.548459","서울",,,"곤드레 나물밥","7000","20241231"
"옥동식","서울특별시 마포구 양화로7길 44-10 3차신도빌라","11","11440","126.9145118","37.5526513","서울",,,"돼지곰탕","8000","20241231"
"우동 카덴","서울특별시 마포구 양화로7안길 2-1","11","11440","126.9150517","37.5516917","서울",,,"우동","6000","20241231"
"동무밥상","서울특별시 마포구 양화진길 10","11","11440","126.912584","37.5482982","서울",,,"소고기회무침","12000","20241231"
"빠넬로","서울특별시 마포구 어울마당로5길 29 건우상가주택","11","11440","126.9189441","37.5493843","서울","http://blog.naver.com/gycjs17",,"마르게리따 부팔라","24000","20241231"
"삼국지","서울특별시 마포구 연남동 259-4 2층","11","11440","126.9240213","37.5609521","서울",,,"훠궈",,"20241231"
"탬파","서울특별시 마포구 연남동 260-2 지하 1층","11","11440","126.9249625","37.5618937","서울",,,"탐파 쿠반 샌드위치","13000","20241231"
"Baratie","서울특별시 마포구 연희로1길 23","11","11440","126.9252606","37.5600728","서울","http://instagram.com/osteriabaratie",,"메를루쪼","19000","20241231"
"바라티에","서울특별시 마포구 연희로1길 23","11","11440","126.9252606","37.5600728","서울","http://instagram.com/osteriabaratie",,"트리빠","26000","20241231"
"아소정","서울특별시 마포구 염리동 149-9","11","11440","126.9464398","37.5465715","서울",,,"갈비찜",,"20241231"
"사모님돈가스","서울특별시 마포구 와우산로 39-13","11","11440","126.9222782","37.5480811","서울",,,"사모님돈가스","7500","20241231"
"펠앤콜","서울특별시 마포구 와우산로 39-21","11","11440","126.9221671","37.5481604","서울","http://blog.naver.com/fellncole",,"깻잎 아이스크림","5000","20241231"
"초마","서울특별시 마포구 와우산로 72","11","11440","126.9235169","37.5508544","서울",,,"짬뽕","8000","20241231"
"육통령","서울특별시 마포구 와우산로17길 25","11","11440","126.9214495","37.550081","서울",,,"삼겹살","12000","20241231"
"시루케이크","서울특별시 마포구 와우산로1길 4","11","11440","126.9226783","37.5459064","서울","http://blog.naver.com/mintmari",,"아메리카노","4000","20241231"
"몰리스팝스","서울특별시 마포구 와우산로29바길 9 시성빌딩","11","11440","126.9262746","37.5559405","서울",,,"인절미 아이스크림","4000","20241231"
"아이엠어버거 홍대점","서울특별시 마포구 와우산로30길 13","11","11440","126.9299659","37.5541679","서울","https://www.instagram.com/iamaburger_official/",,"아이엠 어 버거","9300","20241231"
"당인식당","서울특별시 마포구 와우산로3길 50","11","11440","126.920207","37.5456106","서울",,,"오늘의밥과국","7500","20241231"
"참식당","서울특별시 마포구 용강동 43-2","11","11440","126.9435667","37.5401629","서울",,,"생대구탕 1인","20000","20241231"
"순대일번지","서울특별시 마포구 월드컵로 117","11","11440","126.9074358","37.5586672","서울","http://cityfood.co.kr/h9/sundaeilbeonji",,"순대국","7000","20241231"
"행진","서울특별시 마포구 월드컵로 49","11","11440","126.911587","37.5536396","서울","http://www.instagram.com/tteurak_jk",,"삼겹살","13000","20241231"
"소금집델리 망원","서울특별시 마포구 월드컵로19길 14","11","11440","126.9082215","37.5568102","서울",,,"잠봉뵈르 샌드위치","12000","20241231"
"소금집델리 망원","서울특별시 마포구 월드컵로19길 14","11","11440","126.9082215","37.5568102","서울",,,"잠봉뵈르 샌드위치","12000","20241231"
"퓨전 선술집","서울특별시 마포구 월드컵로1길 7","11","11440","126.9125009","37.5494342","서울",,,"도미가마구이","37000","20241231"
"퓨전선술집","서울특별시 마포구 월드컵로1길 7","11","11440","126.9125009","37.5494342","서울",,,"메로구이","시가","20241231"
"마산족발","서울특별시 마포구 월드컵북로 41","11","11440","126.9180942","37.5579429","서울",,,"족발","30000","20241231"
"리치몬드과자점 성산동지점","서울특별시 마포구 월드컵북로 86","11","11440","126.9156306","37.5613982","서울","http://www.richemont.co.kr/",,"밤식빵","6500","20241231"
"리치몬드과자점 성산본점","서울특별시 마포구 월드컵북로 86","11","11440","126.9156306","37.5613982","서울","http://www.richemont.co.kr/",,"밀크식빵","5800","20241231"
"어메이징타일랜드","서울특별시 마포구 월드컵북로1길 42","11","11440","126.9192688","37.5543492","서울",,,"쌀국수","8000~12000","20241231"
"진진","서울특별시 마포구 잔다리로 123","11","11440","126.9132507","37.5577785","서울","http://jinjinseoul.modoo.at/",,"멘보샤","15000","20241231"
"미담진족","서울특별시 마포구 잔다리로3안길 27","11","11440","126.9198003","37.5503953","서울",,,"오향족발(1~2인)","28000","20241231"
"이치류","서울특별시 마포구 잔다리로3안길 44","11","11440","126.9191206","37.5506103","서울","http://www.ichiryu.kr/",,"살치살","23000","20241231"
"이치류 홍대본점","서울특별시 마포구 잔다리로3안길 44","11","11440","126.9191206","37.5506103","서울","http://www.ichiryu.kr/",,"특 양고기 생살치살","27000","20241231"
"소고산제일루","서울특별시 마포구 잔다리로6길 40-6","11","11440","126.9212805","37.5521101","서울","https://blog.naver.com/kyeong_na/221215822093",,"양고기훠궈세트","38000","20241231"
"로칸다몽로","서울특별시 마포구 잔다리로7길 18","11","11440","126.9166677","37.5531141","서울","http://www.facebook.com/locandamongro/",,"박찬일셰프의 닭튀김","23000","20241231"
"철길왕갈비살","서울특별시 마포구 창전동 4-2","11","11440","126.9316599","37.5545369","서울",,,"양념소갈비살",,"20241231"
"마포원조주물럭","서울특별시 마포구 토정로 294","11","11440","126.9418636","37.5408365","서울",,,"주물럭","45000","20241231"
"마포옥","서울특별시 마포구 토정로 312","11","11440","126.943271","37.5399164","서울",,,"양지 설렁탕","14000","20241231"
"원조조박집","서울특별시 마포구 토정로37길 3","11","11440","126.9440665","37.5399453","서울",,,"돼지갈비","14000","20241231"
"조박집 본관","서울특별시 마포구 토정로37길 3","11","11440","126.9440665","37.5399453","서울",,,"국내산 돼지갈비","15000","20241231"
"동일루","서울특별시 마포구 포은로 75","11","11440","126.9054216","37.5539313","서울",,,"찹쌀탕수육 소","15000","20241231"
"주오일식당","서울특별시 마포구 포은로 89","11","11440","126.9050156","37.5550251","서울","https://www.instagram.com/joo5il/",,"치킨새우검보","12000","20241231"
"프롬하노이","서울특별시 마포구 포은로8길 20","11","11440","126.9058781","37.5564114","서울",,,"퍼보","10000","20241231"
"이뜰","서울특별시 마포구 홍익로 6","11","11440","126.9240684","37.553328","서울","http://www.facebook.com/eeddle/?ref=bookmarks",,"무한리필 스테이크","29700","20241231"
"한옥집","서울특별시 서대문구 냉천동 178","11","11410","126.9648446","37.5666397","서울",,,"김치찌개",,"20241231"
"대흥뚝배기","서울특별시 서대문구 대현동 56-33","11","11410","126.9450861","37.5580752","서울",,,"제육볶음",,"20241231"
"나노하나","서울특별시 서대문구 동교로 294","11","11410","126.9277357","37.5650291","서울","http://instagram.com/nanohana.yeonhui",,"모츠나베","25000","20241231"
"면면","서울특별시 서대문구 북가좌동 343-1 2층","11","11410","126.9111144","37.5836215","서울",,,"라면",,"20241231"
"구월산","서울특별시 서대문구 신촌로 87-22","11","11410","126.9363686","37.5565149","서울","http://cityfood.co.kr/h9/guwolsan",,"구월산모둠","45000","20241231"
"죽해수산","서울특별시 서대문구 연세로5길 30","11","11410","126.9354334","37.5564371","서울",,,"죽해정식","70000","20241231"
"야바이","서울특별시 서대문구 연세로7안길 37","11","11410","126.9346323","37.5581135","서울",,,"오코노미야키","9000~12500","20241231"
"시오","서울특별시 서대문구 연희동 190-4","11","11410","126.9286765","37.5671921","서울",,,"삼색야끼도리",,"20241231"
"청송함흥냉면","서울특별시 서대문구 연희동 193-6","11","11410","126.9287707","37.5658935","서울",,,"냉면",,"20241231"
"우동카덴","서울특별시 서대문구 연희로 173","11","11410","126.9350565","37.5725045","서울","https://www.caden.co.kr/",,"붓카케우동","8500","20241231"
"편의방","서울특별시 서대문구 연희로 36","11","11410","126.9275009","37.5618271","서울",,,"생선만두","9000","20241231"
"폴앤폴리나","서울특별시 서대문구 연희로11길 56","11","11410","126.9290242","37.5688581","서울",,,"화이트바게트","4000","20241231"
"녹원쌈밥","서울특별시 서대문구 연희로25길 22","11","11410","126.9341766","37.5724562","서울",,,"녹원쌈밥","13000","20241231"
"떡의미학","서울특별시 서대문구 연희로25길 72","11","11410","126.9326809","37.5706059","서울",,,"두텁떡","2500","20241231"
"한씨옥","서울특별시 서대문구 연희로25길 92","11","11410","126.931994","37.5697439","서울",,,"법성보리굴비정식","30000","20241231"
"이화원","서울특별시 서대문구 연희맛로 13","11","11410","126.9290411","37.5665243","서울",,,"실고기 짬봉","8000","20241231"
"피터팬1978","서울특별시 서대문구 증가로 10","11","11410","126.9317403","37.5694053","서울","http://peterpanbakery.com/",,"무화과랑 고구마","5000","20241231"
"야바이","서울특별시 서대문구 창천동 52-20","11","11410","126.9362284","37.5587815","서울",,,"오코도미야키",,"20241231"
"라화쿵부","서울특별시 서대문구 창천동 52-6","11","11410","126.9364985","37.5590622","서울",,,"마라샹궈",,"20241231"
"오리와메밀푸른초장","서울특별시 서대문구 충정로 43-4 유석빌딩 1층","11","11410","126.9641817","37.5630284","서울",,,"메밀막국수","9000","20241231"
"영동설렁탕","서울특별시 서초구 강남대로101안길 24","11","11650","127.0173566","37.5162029","서울",,,"설렁탕","12000","20241231"
"시골야채된장","서울특별시 서초구 강남대로69길 11","11","11650","127.0242103","37.5014189","서울",,,"시골야채된장 비빔밥","7000","20241231"
"한성돈까스","서울특별시 서초구 강남대로97길 10","11","11650","127.0176813","37.5141421","서울","http://www.hansungdongas.com/",,"돈까스","8500","20241231"
"영동족발","서울특별시 서초구 남부순환로358길 8","11","11650","127.0379949","37.4845917","서울",,,"왕족발","32000","20241231"
"소호정 본점","서울특별시 서초구 논현로 27","11","11650","127.0487173","37.4732863","서울","http://www.sohojung.com/",,"한우국수","10000","20241231"
"줄라이","서울특별시 서초구 동광로 164","11","11650","126.99997","37.4947006","서울","http://www.julyrestaurant.com",,"와이즈 디너 코스","85000","20241231"
"도우룸","서울특별시 서초구 동광로 99","11","11650","126.9933416","37.4938516","서울","http://soignerestaurantgroup.com/wp/doughroom",,"마늘버터소스의 오징어 먹물 카펠리니","18000","20241231"
"양양메밀막국수","서울특별시 서초구 동광로15길 10","11","11650","126.9882952","37.4924951","서울","https://yangyangkuksu.modoo.at/",,"메밀막국수","8000","20241231"
"주","서울특별시 서초구 동광로19길 16","11","11650","126.9893076","37.4932564","서울",,,"탕수육","17000","20241231"
"버거그루72","서울특별시 서초구 동광로39길 79","11","11650","126.9995187","37.4984933","서울",,,"그루시그니쳐버거","11000","20241231"
"텍사스데브라질","서울특별시 서초구 반포동 118-3","11","11650","127.0066016","37.5040171","서울",,,"슈하스코",,"20241231"
"도셰프","서울특별시 서초구 반포동 707-8","11","11650","127.0211124","37.5094719","서울",,,"화덕피자",,"20241231"
"팔팔민물장어","서울특별시 서초구 반포동 745","11","11650","127.0197988","37.5034737","서울",,,"장어구이",,"20241231"
"메종 엠오","서울특별시 서초구 방배로26길 22","11","11650","126.9940872","37.4892943","서울","http://www.maisonmo.com/",,"몽블랑 엠오","8500","20241231"
"서호김밥","서울특별시 서초구 방배중앙로 141-1","11","11650","126.98668","37.4916739","서울",,,"서호김밥","3500","20241231"
"오돌","서울특별시 서초구 방배천로4길 18","11","11650","126.9834955","37.4778542","서울",,,"꼬들살","13000","20241231"
"마애","서울특별시 서초구 사평대로22길 14","11","11650","126.9975407","37.4990163","서울","https://www.instagram.com/maillet_patisseriefrancaise/",,"딱뜨바니","9000","20241231"
"스시고","서울특별시 서초구 사평대로22길 15","11","11650","126.997889","37.4989415","서울",,,"런치 오마카세","45000","20241231"
"덕자네방앗간","서울특별시 서초구 사평대로56길 7","11","11650","127.0235681","37.5032198","서울","http://deokja.modoo.at/",,"덕자네수제떡볶이","3000","20241231"
"라싸브어","서울특별시 서초구 서래로 24","11","11650","126.9984793","37.4971209","서울","http://instagram.com/lasaveur_seoul",,"디너코스","69000","20241231"
"톰볼라 서래본점","서울특별시 서초구 서래로7길 16","11","11650","126.9974725","37.4988601","서울","http://www.latombola.co.kr/",,"버섯피자","18000","20241231"
"백년옥","서울특별시 서초구 서초3동 1450-6","11","11650","127.0137666","37.4811739","서울",,,"순두부",,"20241231"
"봉산옥","서울특별시 서초구 서초3동 1451-9","11","11650","127.0124656","37.4833452","서울",,,"만둣국",,"20241231"
"로리스 더 프라임 립","서울특별시 서초구 서초대로 411","11","11650","127.026207","37.4978195","서울","http://lawrys.kr/",,"프라임립(로리컷 기준) 280g","78000","20241231"
"미나미","서울특별시 서초구 서초대로58길 31-2","11","11650","127.018122","37.4933435","서울","http://instagram.com/chef_minami",,"소보로나스","15000","20241231"
"분짜라붐","서울특별시 서초구 서초동 1307","11","11650","127.024886","37.5000957","서울",,,"하노이 쌀국수, 하노이 직화분짜",,"20241231"
"황금복국","서울특별시 서초구 서초동 1327-1","11","11650","127.0273532","37.4958279","서울",,,"복국",,"20241231"
"하나우동","서울특별시 서초구 서초동 1327-35","11","11650","127.0282317","37.4945284","서울",,,"철판볶음밥",,"20241231"
"담뿍화로된장찌개","서울특별시 서초구 서초동 1330-7","11","11650","127.0283583","37.4929597","서울",,,"된장찌개",,"20241231"
"꼴더덕꼴더덕","서울특별시 서초구 서초동 1459-6","11","11650","127.0122771","37.483998","서울",,,"더덕",,"20241231"
"아따맵소","서울특별시 서초구 서초동 1510-3","11","11650","127.0086899","37.4877204","서울",,,"고추장찌개",,"20241231"
"영광굴비식당","서울특별시 서초구 서초동 1572-14","11","11650","127.0115671","37.4924919","서울",,,"굴비구이",,"20241231"
"우작설렁탕","서울특별시 서초구 서초동 1621-5 지하 1층","11","11650","127.0161209","37.4862266","서울",,,"설렁탕",,"20241231"
"대가향","서울특별시 서초구 서초동 1689-5","11","11650","127.018488","37.4954218","서울",,,"탕수육",,"20241231"
"반포치킨","서울특별시 서초구 신반포로 38","11","11650","126.9888888","37.501404","서울",,,"전기구이마늘치킨","16000","20241231"
"애플하우스","서울특별시 서초구 신반포로 50","11","11650","126.9901541","37.5017762","서울",,,"즉석 떡볶이 + 공기밥(볶음밥) 1인분","3500","20241231"
"강남따로국밥","서울특별시 서초구 신반포로47길 119","11","11650","127.0189619","37.5128901","서울",,,"선지 따로국밥","8000","20241231"
"디안다만","서울특별시 서초구 양재동 1-26","11","11650","127.039114","37.4848647","서울",,,"팟타이",,"20241231"
"강촌원조쭈꾸미","서울특별시 서초구 양재동 13-9","11","11650","127.0362456","37.4833051","서울",,,"쭈꾸미삼겹살",,"20241231"
"오대산산채식당","서울특별시 서초구 양재동 2-13","11","11650","127.0399622","37.4847374","서울",,,"비빔밥",,"20241231"
"소백산","서울특별시 서초구 양재동 346","11","11650","127.042951","37.4685441","서울",,,"소갈비탕",,"20241231"
"양재동첫번째찜","서울특별시 서초구 양재동 351-8","11","11650","127.0426111","37.466923","서울",,,"조개찜",,"20241231"
"박달재자연식당","서울특별시 서초구 양재동 353-4","11","11650","127.0429648","37.4666807","서울",,,"흑염소",,"20241231"
"은성보쌈","서울특별시 성동구 금호동3가 375 독서당로 297-6","11","11200","127.0223163","37.5484489","서울",,,"보쌈김치",,"20241231"
"성화생라멘","서울특별시 성동구 도선동 15","11","11200","127.0358351","37.563355","서울",,,"라멘",,"20241231"
"목포산꽃게","서울특별시 성동구 마장동 767-41","11","11200","127.0450386","37.5677864","서울",,,"꽃게백숙",,"20241231"
"대도식당 왕십리점","서울특별시 성동구 무학로12길 3","11","11200","127.0306781","37.5675199","서울","http://kitchenborie.com/",,"한우등심(250g)","38000","20241231"
"팜티진 쌀국수","서울특별시 성동구 무학로6길 50","11","11200","127.0349365","37.5643927","서울",,,"소고기 쌀국수","7000","20241231"
"죽변항","서울특별시 성동구 상원길 40","11","11200","127.0488548","37.5477561","서울",,,"특물회","15000","20241231"
"대성갈비","서울특별시 성동구 서울특별시숲4길 27","11","11200","127.0440881","37.54706","서울",,,"돼지갈비","10000","20241231"
"엽기꼼닭발","서울특별시 성동구 왕십리로22길 3","11","11200","127.0342695","37.5626185","서울",,,"뼈있는닭발","11000","20241231"
"성수아구찜","서울특별시 성동구 왕십리로4길 10","11","11200","127.0458912","37.5455685","서울",,,"아구탕 (1인)","9000","20241231"
"나폴레옹제과점","서울특별시 성북구 성북동 1가 35-5","11","11290","127.0051366","37.5889239","서울",,,"사라다빵, 크로아상",,"20241231"
"금왕돈까스","서울특별시 성북구 성북로 138","11","11290","126.9944241","37.5948158","서울",,,"금왕정식","9000","20241231"
"하단","서울특별시 성북구 성북로6길 14","11","11290","127.0049863","37.5899838","서울",,,"만두전골 중","25000","20241231"
"국시집","서울특별시 성북구 창경궁로43길 9","11","11290","127.0043079","37.5884338","서울",,,"국시","10000","20241231"
"호인족발","서울특별시 송파구 가락동 175-7","11","11710","127.1358203","37.4960353","서울",,,"불족발",,"20241231"
"도토리편백집","서울특별시 송파구 문정동 641-4 116호","11","11710","127.1154865","37.4817748","서울",,,"편백찜",,"20241231"
"멘야하나비","서울특별시 송파구 백제고분로45길 38","11","11710","127.1077883","37.5109648","서울","https://www.instagram.com/menya_hanabi/?hl=ko",,"나고야 마제소바","9000","20241231"
"남경막국수","서울특별시 송파구 백제고분로7길 52-29","11","11710","127.0851315","37.5094679","서울",,,"물막국수","8000","20241231"
"주은감자탕","서울특별시 송파구 삼전동 132-14","11","11710","127.0968157","37.5036812","서울",,,"감자탕",,"20241231"
"미타우동","서울특별시 송파구 삼전동 3-1","11","11710","127.0903882","37.506418","서울",,,"우동",,"20241231"
"주은감자탕","서울특별시 송파구 삼학사로 71","11","11710","127.0968157","37.5036812","서울",,,"감자탕 소","27000","20241231"
"송파나루","서울특별시 송파구 석촌호수로 234","11","11710","127.1027112","37.5076506","서울",,,"갈치조림 소","45000","20241231"
"툇마루밥상","서울특별시 송파구 송파대로22길 11","11","11710","127.1231407","37.4879202","서울",,,"툇마루밥상","17000","20241231"
"옹아리 벌교 참꼬막","서울특별시 송파구 송파대로30길 11","11","11710","127.1184214","37.4948642","서울",,,"꼬막 간장무침","25000","20241231"
"모꼬지에","서울특별시 송파구 송파대로36길 5-13","11","11710","127.1123032","37.5004796","서울",,,"혼합떡볶이 매운떡볶이2인분","7000","20241231"
"가나안","서울특별시 송파구 송파동 195-1","11","11710","127.1123032","37.5004796","서울",,,"떡볶이",,"20241231"
"대갈곱창&막창","서울특별시 송파구 송파동 39-9","11","11710","127.1089749","37.5099425","서울",,,"돼지막창구이",,"20241231"
"벽제갈비 방이본점","서울특별시 송파구 양재대로71길 1-4","11","11710","127.1260264","37.5102009","서울","http://www.bjgalbi.com/",,"생갈비 200g","87000","20241231"
"봉피양","서울특별시 송파구 양재대로71길 1-4","11","11710","127.1260264","37.5102009","서울","http://www.ibjgalbi.com/",,"평양물냉면","12000","20241231"
"탕","서울특별시 송파구 잠실동 207-19","11","11710","127.0847643","37.5096514","서울",,,"김치찌개",,"20241231"
"숲속도토리마을","서울특별시 양천구 신정동 1157-21","11","11710","126.8493608","37.5154789","서울",,,"도토리정식",,"20241231"
"서궁","서울특별시 영등포구 국제금융로 86 롯데캐슬아이비 지하 1층","11","11560","126.9317438","37.5201948","서울",,,"오향장육","29000","20241231"
"오케이버거","서울특별시 영등포구 국제금융로2길 32","11","11560","126.9241796","37.5238184","서울",,,"OK버거","8500","20241231"
"진주집","서울특별시 영등포구 국제금융로6길 33","11","11560","126.9269161","37.520782","서울",,,"냉콩국수","11000","20241231"
"창고43 본점","서울특별시 영등포구 국제금융로6길 33","11","11560","126.9269161","37.520782","서울","http://www.changgo43.co.kr",,"창고43 스페셜","39000","20241231"
"신복촌","서울특별시 영등포구 국제금융로8길 19","11","11560","126.9292819","37.5208057","서울","http://blog.naver.com/ksbeom",,"우럭 맑은탕","15000","20241231"
"다미","서울특별시 영등포구 국제금융로8길 34","11","11560","126.9272642","37.5202046","서울",,,"삼치구이","9000","20241231"
"정인면옥","서울특별시 영등포구 국회대로76길 10","11","11560","126.9216203","37.5306827","서울","http://junginmyeonok.modoo.at/",,"평양냉면","9000","20241231"
"옴팡집","서울특별시 영등포구 국회대로76길 16","11","11560","126.9218166","37.530258","서울",,,"특수부위","52000","20241231"
"부여집","서울특별시 영등포구 당산동 2가 162-13","11","11560","126.8922135","37.5242886","서울",,,"도가니요리",,"20241231"
"대관원","서울특별시 영등포구 당산로37길 1","11","11560","126.8979925","37.5293627","서울",,,"삼선간짜장","8000","20241231"
"대림동삼거리 먼지막순대국","서울특별시 영등포구 대림동 963-9","11","11560","126.9072279","37.4917386","서울",,,"순대국",,"20241231"
"원조호수삼계탕","서울특별시 영등포구 도림로 282","11","11560","126.9041368","37.5030586","서울",,,"삼계탕","13000","20241231"
"송원마포돼지갈비","서울특별시 영등포구 문래동 4가 8-18","11","11560","126.8893869","37.5165973","서울",,,"양념돼지갈비",,"20241231"
"덕원","서울특별시 영등포구 버드나루로길 6","11","11560","126.9096108","37.5257108","서울",,,"꼬리곰탕","9000","20241231"
"당산마루 능이버섯삼계탕","서울특별시 영등포구 선유로54길 9","11","11560","126.899744","37.5361459","서울",,,"능이버섯삼계탕","14000","20241231"
"삼거리순대국","서울특별시 영등포구 시흥대로185길 11","11","11560","126.9072279","37.4917386","서울","http://itvplus.co.kr/home6/sam/",,"순댓국","5000","20241231"
"이필당","서울특별시 영등포구 양평동 4가 77-3","11","11560","126.8956835","37.5357536","서울",,,"보쌈",,"20241231"
"길풍식당","서울특별시 영등포구 양평로 85","11","11560","126.8973106","37.5359046","서울",,,"꼬리탕","20000","20241231"
"희정식당","서울특별시 영등포구 여의나루로 117","11","11560","126.9310906","37.5262404","서울",,,"부대찌개","8000","20241231"
"영원식당","서울특별시 영등포구 여의나루로 117 서울특별시 상가 2층","11","11560","126.9310906","37.5262404","서울",,,"수제비","8000","20241231"
"정인면옥","서울특별시 영등포구 여의도동 13-1","11","11560","126.9216203","37.5306827","서울",,,"평양냉면",,"20241231"
"하롱베이의 하루","서울특별시 영등포구 여의도동 17","11","11560","126.9187418","37.5257043","서울",,,"쌀국수",,"20241231"
"부흥동태","서울특별시 영등포구 여의도동 36-4","11","11560","126.9272642","37.5202046","서울",,,"동태찌개",,"20241231"
"닭한마리","서울특별시 영등포구 영등포동 3가 12-18","11","11560","126.9096233","37.5177899","서울",,,"닭한마리",,"20241231"
"전주전집","서울특별시 영등포구 영등포동 3가 4-7","11","11560","126.9076852","37.5189851","서울",,,"전",,"20241231"
"송죽장","서울특별시 영등포구 영등포동 4가 55","11","11560","126.9052812","37.5183444","서울",,,"짬뽕",,"20241231"
"대문점","서울특별시 영등포구 영중로10길 30","11","11560","126.9085738","37.5186021","서울",,,"오향족발","22000","20241231"
"남도마루","서울특별시 영등포구 은행로 3","11","11560","126.9195998","37.5275231","서울",,,"홍어삼밥","55000","20241231"
"남도마루 여의도동점","서울특별시 영등포구 은행로 3 익스콘벤쳐타워 1F","11","11560","126.9195998","37.5275231","서울",,,"자연산모듬회(중)","80000","20241231"
"El Pino323","서울특별시 용산구 녹사평대로 220","11","11170","126.9870709","37.537244","서울","https://elpino323.modoo.at",,"곽카몰리와칩","10000","20241231"
"지노스뉴욕피자","서울특별시 용산구 녹사평대로40길 46","11","11170","126.9882413","37.5344186","서울","http://www.instagram.com/ginospizza",,"브루클린스 베스트","26000","20241231"
"Ginos NY Pizza","서울특별시 용산구 녹사평대로40길 46 2층","11","11170","126.9882413","37.5344186","서울",,,"브루클린 베스트","26000","20241231"
"강가네멧돌빈대떡","서울특별시 용산구 대사관로24길 27","11","11170","127.0054438","37.5325166","서울",,,"녹두빈대떡","15000","20241231"
"부첼리하우스","서울특별시 용산구 독서당로 122-1","11","11170","127.0128969","37.5368461","서울",,,"내등심 100g (최소주문 200g)","40000","20241231"
"구복만두","서울특별시 용산구 두텁바위로 10","11","11170","126.9732271","37.5450925","서울","http://goobokmandoo.modoo.at/",,"구복전통만두","5000","20241231"
"창수린","서울특별시 용산구 두텁바위로 55","11","11170","126.9781688","37.5460308","서울",,,"똠양꿍","11000","20241231"
"헬카페 로스터즈","서울특별시 용산구 보광로 76","11","11170","126.9970032","37.530319","서울",,,"클래식 카푸치노","4800","20241231"
"갯마을한강로점","서울특별시 용산구 서빙고로 56","11","11170","126.9702755","37.5230353","서울",,,"떡만둣국","9000","20241231"
"레호이","서울특별시 용산구 소월로38가길 5","11","11170","126.9901697","37.5432258","서울","http://www.facebook.com/lehoi.co",,"포보","12000","20241231"
"쿠촐로","서울특별시 용산구 신흥로 30-1","11","11170","126.9871758","37.54117","서울","https://www.instagram.com/cuccioloosteria/",,"카치오페페","26000","20241231"
"땅끝마을매생이굴국밥","서울특별시 용산구 원효로 2가 80-18","11","11170","126.9622267","37.5360481","서울",,,"매생이국밥",,"20241231"
"정통우거지탕","서울특별시 용산구 원효로 2가 96-10","11","11170","126.9616621","37.5345393","서울",,,"LA갈비",,"20241231"
"강원정","서울특별시 용산구 원효로89길 13-10","11","11170","126.9678271","37.5404707","서울",,,"삼계탕","12000","20241231"
"오통영 이촌점","서울특별시 용산구 이촌동 300-3","11","11170","126.9733261","37.5190638","서울",,,"굴초회","5000","20241231"
"금홍","서울특별시 용산구 이촌로 303","11","11170","126.9808381","37.5185916","서울",,,"유린기","29000","20241231"
"아지겐","서울특별시 용산구 이촌로75길 22","11","11170","126.9745871","37.5207546","서울",,,"카타야끼소바","15000","20241231"
"미스터케밥","서울특별시 용산구 이태원 1동 127-2","11","11170","126.9932876","37.5339849","서울",,,"케밥",,"20241231"
"핍스에비뉴","서울특별시 용산구 이태원동 112-2","11","11170","126.9948911","37.5351671","서울",,,"브런치",,"20241231"
"알리바바","서울특별시 용산구 이태원동 124-9","11","11170","126.9965827","37.534816","서울",,,"이집트음식",,"20241231"
"꾸띠자르당","서울특별시 용산구 이태원동 131-23","11","11170","126.9945547","37.5334418","서울",,,"프랑스요리",,"20241231"
"로코스비비큐","서울특별시 용산구 이태원동 2-5","11","11170","126.9955009","37.5409694","서울",,,"바베큐",,"20241231"
"코리아노스키친","서울특별시 용산구 이태원동 457-3","11","11170","126.9882413","37.5344186","서울",,,"멕시코타코",,"20241231"
"마음과마음","서울특별시 용산구 이태원동 557","11","11170","126.9871027","37.5373465","서울",,,"오므라이스",,"20241231"
"쌀롱드누이","서울특별시 용산구 이태원동 57-24","11","11170","126.9892008","37.5345727","서울",,,"핫팟",,"20241231"
"마더스오피스","서울특별시 용산구 이태원동 580 2층","11","11170","126.9872659","37.5374536","서울",,,"수제버거",,"20241231"
"해피홈레스토랑","서울특별시 용산구 이태원동 64-15","11","11170","126.9915047","37.5340431","서울",,,"나이지리아요리",,"20241231"
"트로이카","서울특별시 용산구 이태원동 72-32 5층","11","11170","126.9923227","37.5340263","서울",,,"오소브이, 보르쉬",,"20241231"
"모터시티","서울특별시 용산구 이태원로 140-1","11","11170","126.9894341","37.5339799","서울","http://www.manimaltribe.com",,"잭슨5","22000","20241231"
"왕타이","서울특별시 용산구 이태원로 151","11","11170","126.9906995","37.5345038","서울",,,"톰얌꿍","16000","20241231"
"나리의집","서울특별시 용산구 이태원로 245","11","11170","127.000135","37.5369017","서울",,,"삼겹살","12000","20241231"
"브라이리퍼블릭","서울특별시 용산구 이태원로14길 19","11","11170","126.9907908","37.5335443","서울",,,"미트플래터","33000","20241231"
"바토스","서울특별시 용산구 이태원로15길 1","11","11170","126.9901711","37.5345913","서울","http://vatoskorea.com",,"칠리 라임 쉬림프 타코","9500","20241231"
"이태원양꼬치","서울특별시 용산구 이태원로20길 22","11","11170","126.9921395","37.5333765","서울",,,"양꼬치","12000","20241231"
"키에리","서울특별시 용산구 이태원로26길 16-8","11","11170","126.993183","37.5333759","서울",,,"할머니케이크","6500","20241231"
"다운타우너","서울특별시 용산구 이태원로42길 28-4","11","11170","127.0004074","37.5358871","서울","http://instagram.com/downtownerseoul",,"아보카도 버거","9300","20241231"
"바다식당","서울특별시 용산구 이태원로49길 18","11","11170","126.999513","37.5371603","서울",,,"존슨탕 소(2인분)","20000","20241231"
"부자피자 1호점","서울특별시 용산구 이태원로55가길 28","11","11170","126.999811","37.5372695","서울","http://www.buzzapizza.com/",,"부자클라시카","18000","20241231"
"휴135","서울특별시 용산구 이태원로55나길 6","11","11170","126.9991093","37.5366617","서울",,,"안심 한우","53000","20241231"
"양평민물매운탕","서울특별시 용산구 청파로 329 동해해물탕","11","11170","126.9696596","37.5490567","서울",,,"빠가사리 매운탕","35000","20241231"
"평양집","서울특별시 용산구 한강대로 186","11","11170","126.9739883","37.5348784","서울",,,"곱창","22000","20241231"
"옛집","서울특별시 용산구 한강대로62길 18","11","11170","126.9732955","37.5338261","서울",,,"콩국수","7000","20241231"
"봉산집 본점","서울특별시 용산구 한강대로62나길 24","11","11170","126.974989","37.5344077","서울",,,"차돌박이(130g)","22000","20241231"
"원조제일어버이순대","서울특별시 용산구 한강대로71길 52","11","11170","126.9720011","37.541577","서울",,,"순댓국","8000","20241231"
"오근내닭갈비","서울특별시 용산구 한강로 3가 40-90","11","11170","126.9597091","37.5245375","서울",,,"닭갈비",,"20241231"
"원대구탕","서울특별시 용산구 한강로1가 142-4","11","11170","126.9742208","37.5346903","서울",,,"대구탕",,"20241231"
"가람떡갈비","서울특별시 용산구 한강로3가 40-441","11","11170","126.9636358","37.5261165","서울",,,"떡갈비",,"20241231"
"속초생선찜","서울특별시 은평구 갈현동 431-1","11","11380","126.9176923","37.6202498","서울",,,"속초식생선찜",,"20241231"
"미소복원조양평해장국","서울특별시 은평구 갈현동 460-18","11","11380","126.9187739","37.6169101","서울",,,"양평해장국",,"20241231"
"목포세발낙지","서울특별시 은평구 불광 1동 281-162","11","11380","126.9313557","37.6097508","서울",,,"낙지",,"20241231"
"항아리홍어","서울특별시 은평구 불광동 281-159","11","11380","126.9311631","37.6099722","서울",,,"민어",,"20241231"
"대관령황태마을","서울특별시 은평구 역촌동 70-34","11","11380","126.9101748","37.6035374","서울",,,"황태",,"20241231"
"마마수제만두","서울특별시 은평구 증산로 397","11","11380","126.9135261","37.5918041","서울",,,"고기부추물만두","6000","20241231"
"만석쌈밥","서울특별시 은평구 진관동 278-32","11","11380","126.9495107","37.6558938","서울",,,"두부요리",,"20241231"
"갈현시장할머니떡볶이","서울특별시 은평구 통일로87길 8-1","11","11380","126.9187711","37.6234941","서울",,,"떡볶이 1인분","3000","20241231"
"이문설농탕","서울특별시 종로구 견지동 88","11","11110","126.9838928","37.5727333","서울",,,"설렁탕",,"20241231"
"전주식당","서울특별시 종로구 관수동 43-2","11","11110","126.9911411","37.5698953","서울",,,"생선구이",,"20241231"
"펭귄마카롱","서울특별시 종로구 관훈동 18-1","11","11110","126.9856188","37.5736113","서울",,,"마카롱아이스크림",,"20241231"
"북촌공장","서울특별시 종로구 관훈동 6","11","11110","126.9861357","37.5732953","서울",,,"크로켓",,"20241231"
"여자만","서울특별시 종로구 관훈동 88","11","11110","126.984831","37.5749465","서울",,,"꼬막",,"20241231"
"메이탄","서울특별시 종로구 교남동 50-1","11","11110","126.9646227","37.5685441","서울",,,"양장피",,"20241231"
"장모님해장국","서울특별시 종로구 구기동 253-1","11","11110","126.9556428","37.6088734","서울",,,"선지해장국",,"20241231"
"순라길","서울특별시 종로구 권농동 148","11","11110","126.9915282","37.5765182","서울",,,"홍어삼합",,"20241231"
"종로진낙지","서울특별시 종로구 낙원동 139","11","11110","126.9890993","37.5721078","서울",,,"철판낚지볶음",,"20241231"
"정돈","서울특별시 종로구 대학로9길 12","11","11110","127.0010901","37.5818114","서울","http://blog.naver.com/jungdon0916",,"안심돈까스","13000","20241231"
"미갈매기살","서울특별시 종로구 돈화문로11가길 7","11","11110","126.99106","37.5730178","서울",,,"갈미개실","10000","20241231"
"찬양집","서울특별시 종로구 돈화문로11다길 5","11","11110","126.9902793","37.5727914","서울","http://chanyangjip.modoo.at/",,"해물칼국수","6500","20241231"
"계림","서울특별시 종로구 돈화문로4길 39","11","11110","126.9945035","37.5701559","서울","http://gyaerim.cityfood.co.kr/",,"닭도리탕","24000","20241231"
"혜화양육관","서울특별시 종로구 명륜4가 36-1","11","11110","127.0008246","37.5825972","서울",,,"양꼬치",,"20241231"
"자하 손만두","서울특별시 종로구 백석동길 12","11","11110","126.9660427","37.5931183","서울",,,"만두전골소","37000","20241231"
"깡통만두","서울특별시 종로구 북촌로2길 5-6","11","11110","126.9860854","37.5781622","서울",,,"만두전골 중","30000","20241231"
"풍년쌀농산","서울특별시 종로구 북촌로5가길 32","11","11110","126.9817118","37.5809244","서울",,,"떡볶이순대튀김각","2500","20241231"
"큰기와집","서울특별시 종로구 북촌로5길 62","11","11110","126.9816218","37.5799325","서울",,,"진품간장게장","55000","20241231"
"사발","서울특별시 종로구 사직로8길 34","11","11110","126.9720944","37.5735869","서울","http://sabal.modoo.at/",,"닭국수","11000","20241231"
"백부장집닭한마리","서울특별시 종로구 삼봉로 100-1","11","11110","126.9826896","37.5718253","서울",,,"닭 한 마리 (2인분)","20000","20241231"
"백부장집 닭한마리","서울특별시 종로구 삼봉로 100-1","11","11110","126.9826896","37.5718253","서울",,,"닭한마리","20000","20241231"
"일미식당","서울특별시 종로구 삼일대로 428","11","11110","126.9876448","37.5722166","서울","http://cafe.naver.com/ilmicafe",,"청국장","7000","20241231"
"통나무식당","서울특별시 종로구 삼일대로 436-1","11","11110","126.9880298","37.5735933","서울",,,"아귀찜 중","45000","20241231"
"낙원떡집","서울특별시 종로구 삼일대로 438","11","11110","126.9879188","37.5737942","서울","http://www.낙원떡집.한국",,"쑥떡","1000","20241231"
"다락정","서울특별시 종로구 삼청동 127-4","11","11110","126.981505","37.5872361","서울",,,"만두전골",,"20241231"
"만정","서울특별시 종로구 삼청동 28-19","11","11110","126.9819846","37.5863185","서울",,,"소고기",,"20241231"
"병우네","서울특별시 종로구 삼청로7길 19-13","11","11110","126.9811173","37.5834899","서울",,,"민어조림 중","60000","20241231"
"평안도만두집","서울특별시 종로구 새문안로3길 30","11","11110","126.9732574","37.5727748","서울",,,"만두전골소","35000","20241231"
"광화문집","서울특별시 종로구 새문안로5길 12","11","11110","126.9749869","37.5713698","서울",,,"김치찌개","7000","20241231"
"우정낙지","서울특별시 종로구 서린동 127","11","11110","126.9795069","37.5694086","서울",,,"낙지볶음",,"20241231"
"조선김밥","서울특별시 종로구 소격동 159","11","11110","126.981637","37.5788045","서울",,,"조선김밥",,"20241231"
"크래프트루","서울특별시 종로구 수표로28길 17-7","11","11110","126.9894628","37.5730691","서울",,,"벌집통감자","18000","20241231"
"이문설농탕","서울특별시 종로구 우정국로 38-13","11","11110","126.9838928","37.5727333","서울","http://imun.modoo.at/",,"설렁탕","10000","20241231"
"비원떡집","서울특별시 종로구 율곡로 20","11","11110","126.9817117","37.5754863","서울",,,"쌍개피떡","1500","20241231"
"긴자바이린","서울특별시 종로구 율곡로1길 37","11","11110","126.9804722","37.5775789","서울",,,"특로스가츠정식","24000","20241231"
"이태리재","서울특별시 종로구 율곡로1길 74-9","11","11110","126.9817201","37.5787726","서울",,,"성게어란파스타","35000","20241231"
"조선김밥","서울특별시 종로구 율곡로3길 68","11","11110","126.9822022","37.5786226","서울",,,"조선김밥","4500","20241231"
"플러스 84","서울특별시 종로구 인사동16길 6","11","11110","126.98424","37.5750123","서울",,,"반미그릴레몬그라스포크","5900","20241231"
"두오모","서울특별시 종로구 자하문로16길 5","11","11110","126.9715615","37.5816557","서울",,,"시칠리안파스타","21000","20241231"
"서촌계단집","서울특별시 종로구 자하문로1길 15","11","11110","126.9714913","37.5763353","서울",,,"참꼬막","35000","20241231"
"안주마을","서울특별시 종로구 자하문로1길 5","11","11110","126.9721561","37.5764578","서울",,,"청어알젓두부","13000","20241231"
"취천루","서울특별시 종로구 자하문로7길 9","11","11110","126.9710396","37.5782701","서울",,,"고기만두","6000","20241231"
"포담","서울특별시 종로구 자하문로9길 11","11","11110","126.9705632","37.579332","서울",,,"샤오롱빠오","6500","20241231"
"따빠스구르메","서울특별시 종로구 자하문로9길 7","11","11110","126.9708871","37.5793908","서울","http://www.tapasgourmet.co.kr/",,"판콘토마테","5000","20241231"
"경원집족발","서울특별시 종로구 적선동 27","11","11110","126.973499","37.5761855","서울",,,"족발",,"20241231"
"감촌","서울특별시 종로구 종로 19","11","11110","126.9798503","37.5704585","서울",,,"순두부찌개","10000","20241231"
"유림낙지","서울특별시 종로구 종로 24-8","11","11110","126.9797089","37.5694989","서울",,,"낙지볶음","19500","20241231"
"원조유림낙지","서울특별시 종로구 종로 24-8","11","11110","126.9797089","37.5694989","서울",,,"낙지볶음","24900","20241231"
"미진","서울특별시 종로구 종로1가 24 르메이에르종로타운 1층 청진동 146","11","11110","126.9798503","37.5704585","서울",,,"메밀",,"20241231"
"청진옥","서울특별시 종로구 종로3길 32","11","11110","126.9794773","37.571738","서울","http://www.cheongjinok.com/",,"해장국","9000","20241231"
"에베레스트레스토랑","서울특별시 종로구 종로51가길 2-1","11","11110","127.0125081","37.572594","서울","http://www.everestfood.com/",,"치킨네팔정식","10000","20241231"
"옛날민속집","서울특별시 종로구 진흥로 469","11","11110","126.9603747","37.6065179","서울",,,"콩비지","6000","20241231"
"와글와글족발","서울특별시 종로구 창신길 18","11","11110","127.0108189","37.5723823","서울",,,"족발 중","25000","20241231"
"와글와글족발","서울특별시 종로구 창신동 573-1","11","11110","127.0108189","37.5723823","서울",,,"족발",,"20241231"
"BLT 스테이크","서울특별시 종로구 청계천로 279","11","11110","127.0089126","37.5703941","서울","http://www.jwmarriottddm.com/pages/03bar/bar02.asp",,"티본","130000","20241231"
"북악정","서울특별시 종로구 평창36길 6","11","11110","126.9777236","37.6112676","서울","http://www.esang.co.kr/",,"한우 오늘의모둠","99000","20241231"
"인왕식당","서울특별시 종로구 필운대로6길 17-1","11","11110","126.9696594","37.5805134","서울",,,"소머리국밥","9000","20241231"
"메밀꽃필무렵","서울특별시 종로구 효자로 31-1","11","11110","126.9737027","37.5788861","서울",,,"메밀물만두","10000","20241231"
"억조","서울특별시 종로구 효제동 226-1","11","11110","127.0036603","37.5720729","서울",,,"복어",,"20241231"
"도마","서울특별시 종루구 관훈동 15-1","11","11110","126.9858943","37.5737843","서울",,,"흑돼지샤부샤부",,"20241231"
"인디테이블","서울특별시 중구 남대문로 5가 526","11","11140","126.975197","37.5564898","서울",,,"영국식 인도요리",,"20241231"
"부원면옥","서울특별시 중구 남대문시장4길 41-6 2층","11","11140","126.9776097","37.558436","서울",,,"물냉면","8500","20241231"
"닭진미강원집","서울특별시 중구 남대문시장길 22-20","11","11140","126.9770676","37.5595951","서울",,,"닭곰탕","8000","20241231"
"희락갈치","서울특별시 중구 남대문시장길 22-6","11","11140","126.9770883","37.5599063","서울",,,"갈치조림","10000","20241231"
"호남식당","서울특별시 중구 남창동 34-53","11","11140","126.9769687","37.5598228","서울",,,"갈치조림",,"20241231"
"용금옥","서울특별시 중구 다동 165-1","11","11140","126.9805385","37.567655","서울",,,"추탕",,"20241231"
"부민옥","서울특별시 중구 다동길 24-12","11","11140","126.9803135","37.5675077","서울",,,"육개장","9000","20241231"
"마복림떡볶이","서울특별시 중구 다산로35길 5","11","11140","127.0150984","37.5632072","서울",,,"2인세트","15000","20241231"
"함흥에겨울냉면","서울특별시 중구 동호로24길 21","11","11140","127.0052384","37.5601961","서울",,,"회냉면 9 000","9000","20241231"
"만나손칼국수","서울특별시 중구 동호로31길 29","11","11140","127.001131","37.56318","서울",,,"콩국수","7000","20241231"
"오장동흥남집","서울특별시 중구 마른내로 114","11","11140","127.000572","37.5642679","서울","http://www.오장동흥남집.com",,"회냉면","9000","20241231"
"평래옥","서울특별시 중구 마른내로 21-1","11","11140","126.99039","37.5649103","서울",,,"초계탕","12000","20241231"
"명동교자","서울특별시 중구 명동10길 29","11","11140","126.9857574","37.5625712","서울","http://www.mdkj.co.kr/",,"칼국수","9000","20241231"
"명동교자 본점","서울특별시 중구 명동10길 29","11","11140","126.9857574","37.5625712","서울","http://www.mdkj.co.kr/",,"칼국수","9000","20241231"
"영양센타","서울특별시 중구 명동2길 52","11","11140","126.9831247","37.5611099","서울",,,"통닭 (대)","17500","20241231"
"명동돈가스","서울특별시 중구 명동3길 8","11","11140","126.9835804","37.5640231","서울","http://mddongas.co.kr/",,"히레가스","14000","20241231"
"원조한치","서울특별시 중구 명동7길 14-5","11","11140","126.9846018","37.5645268","서울",,,"한치회","15000","20241231"
"하동관명동본점","서울특별시 중구 명동9길 12","11","11140","126.9851156","37.5644532","서울","http://www.hadongkwan.com/",,"곰탕","13000","20241231"
"미성옥","서울특별시 중구 명동길 25-11","11","11140","126.9838923","37.5641605","서울",,,"설렁탕","10000","20241231"
"샤이바나","서울특별시 중구 무교동 87","11","11140","126.9790126","37.5681575","서울",,,"미국가정식",,"20241231"
"오후청","서울특별시 중구 북창동 104","11","11140","126.9780033","37.562083","서울",,,"샤브샤브",,"20241231"
"대복","서울특별시 중구 세종대로14길 22","11","11140","126.97793","37.5627943","서울","http://www.복요리전문점.kr/",,"복찜 중","50000","20241231"
"대복집","서울특별시 중구 세종대로14길 22","11","11140","126.97793","37.5627943","서울","http://www.복요리전문점.kr/",,"된장찌개","6000","20241231"
"신성식당","서울특별시 중구 세종대로14길 22-3","11","11140","126.9780761","37.5626173","서울",,,"굴보쌈","35000","20241231"
"참숯꼼장어","서울특별시 중구 신당동 142-3","11","11140","127.0210002","37.5650199","서울",,,"등갈비구이",,"20241231"
"마복림떡뽁이","서울특별시 중구 신당동 292-112","11","11140","127.0150984","37.5632072","서울",,,"즉석떡볶이",,"20241231"
"원조남산왕돈까스","서울특별시 중구 예장동 8-53","11","11140","126.9861131","37.5573784","서울",,,"왕돈가스",,"20241231"
"안동장","서울특별시 중구 을지로 124","11","11140","126.9916169","37.5661357","서울",,,"굴짬뽕","9000","20241231"
"바오차이","서울특별시 중구 을지로 2가 148-28 지하 1층","11","11140","126.9879171","37.5652485","서울",,,"딤섬",,"20241231"
"이나니와 요스케","서울특별시 중구 을지로 6","11","11140","127.0068849","37.5677844","서울","http://www.food-biz.or.kr/",,"세이로 우동(간장쯔유  참깨미소 쯔유)","9000","20241231"
"뿌자2","서울특별시 중구 을지로 6가 18-71","11","11140","127.0068041","37.5668919","서울",,,"인도커리",,"20241231"
"원조녹두(녹두전 파전)","서울특별시 중구 을지로11길 26-2","11","11140","126.9909658","37.5675167","서울",,,"고기녹두","8000","20241231"
"조선옥","서울특별시 중구 을지로15길 6-5","11","11140","126.9935322","37.5667855","서울",,,"양념소갈비 250g","33000","20241231"
"산수갑산","서울특별시 중구 을지로20길 24","11","11140","126.9953168","37.5654189","서울",,,"순대국밥","6000","20241231"
"남포면옥","서울특별시 중구 을지로3길 24","11","11140","126.9816846","37.5671473","서울",,,"갈비탕","10000","20241231"
"안즈","서울특별시 중구 을지로5길 19","11","11140","126.9839928","37.5670582","서울",,,"로스카츠정식 소","15500","20241231"
"황평집","서울특별시 중구 인현동 2가 135-13","11","11140","126.9961296","37.5640672","서울",,,"닭곰탕",,"20241231"
"두툼","서울특별시 중구 중림동 200","11","11140","126.9653067","37.5581158","서울",,,"삼겹살",,"20241231"
"우래옥","서울특별시 중구 창경궁로 62-29","11","11140","126.9987367","37.56819","서울",,,"전통평양냉면","12000","20241231"
"은주정","서울특별시 중구 창경궁로8길 32","11","11140","126.9997513","37.5686841","서울",,,"쌈싸먹는김치찌개","7000","20241231"
"르 셰프 블루","서울특별시 중구 청파로 435-10 썸웨어77","11","11140","126.9686842","37.5585996","서울",,,"코스요리","100000","20241231"
"양미옥 을지로본점","서울특별시 중구 충무로 62","11","11140","126.9928059","37.5667656","서울",,,"대창","32000","20241231"
"통일집 을지로점","서울특별시 중구 충무로 68-12","11","11140","126.9931575","37.5672172","서울",,,"한우등심(400g)","64000","20241231"
"을지면옥","서울특별시 중구 충무로14길 2-1","11","11140","126.9928605","37.5677287","서울",,,"평양냉면","10000","20241231"
"전주중앙회관","서울특별시 중구 충무로1가 24-11","11","11140","126.9837722","37.561175","서울",,,"돌솥비빔밥",,"20241231"
"목멱산방","서울특별시 중구 퇴계로20길 71 1층 목멱산방","11","11140","126.9868776","37.5580853","서울","https://mmmroom.co.kr/",,"산방비빔밥","7500","20241231"
"사랑방칼국수","서울특별시 중구 퇴계로27길 46","11","11140","126.9913673","37.5632809","서울",,,"칼국수","6000","20241231"
"재구네닭발","서울특별시 중구 퇴계로86길 24","11","11140","127.0196544","37.564482","서울",,,"닭발구이","8000","20241231"
"유정집","서울특별시 중랑구 신내동 644","11","11260","127.0944499","37.6154907","서울",,,"차돌박이",,"20241231"
"언양기와집불고기","울산광역시 울주군 언양읍 헌양길 86","31","31710","129.122179","35.5653221","울산",,,"언양불고기","22000","20241231"
"저수지휴게실","울산광역시 울주군 청량읍 상보두현길 53","28","28710","129.2515887","35.5261116","울산",,,"매운 수제비","6000","20241231"
"서해안횟집","인천광역시 강화군 길상면 초지리 616-5","28","28710","126.5310062","37.6367862","인천",,,"전어",,"20241231"
"삼복호","인천광역시 강화군 길상면 해안남로619번길 24","28","28710","126.4962648","37.5984749","인천",,,"모듬회(1kg)","30000","20241231"
"외포왕꽃게탕","인천광역시 강화군 내가면 외포리 393-1","28","28710","126.38949","37.7048481","인천",,,"꽃게탕",,"20241231"
"충남서산집","인천광역시 강화군 내가면 중앙로 1198","28","28710","126.3915431","37.7049644","인천",,,"꽃게찜","120000","20241231"
"부암갈비","인천광역시 남동구 간석2동 130-12","28","28200","126.7140445","37.4629295","인천",,,"돼지갈비",,"20241231"
"부암갈비","인천광역시 남동구 간석2동 130-12","28","28200","126.7140445","37.4629295","인천",,,"생돼지갈비",,"20241231"
"처갓집추어탕","인천광역시 남동구 운연동 40-15","28","28200","126.766855","37.4436405","인천",,,"추어탕",,"20241231"
"쫄면가","인천광역시 미추홀구 주안 4동 409-2","28","28110","126.6869168","37.4545015","인천",,,"쫄면",,"20241231"
"신포찬누리닭강정","인천광역시 중구 내동 209-29","28","28110","126.6282515","37.4717357","인천",,,"닭강정",,"20241231"
"만다복","인천광역시 중구 북성동 2가 9-11","28","28110","126.6192465","37.4761037","인천",,,"짜장면",,"20241231"
"신포순대","인천광역시 중구 신포동 38-1","28","28110","126.6262736","37.4715289","인천",,,"순대볶음",,"20241231"
"만정수산","인천광역시 중구 중산동 1850-339","28","28110","126.543095","37.5114758","인천",,,"대하구이",,"20241231"
"목포신안18호횟집","인천광역시 중구 항동 7가 58-97","28","28110","126.6010049","37.4523155","인천",,,"회",,"20241231"
"남문식당","전라남도 강진군 강진읍 남성리 137-1","28","28110","126.7679475","34.6413737","전남",,,"남도한정식",,"20241231"
"금목서","전라남도 광양시 광양읍 칠성리 17-2","46","46230","127.5869929","34.9774748","전남",,,"광양불고기",,"20241231"
"청룡식당","전라남도 광양시 진월면 신아리 1191-28","46","46230","127.772403","34.9857445","전남",,,"재첩국",,"20241231"
"평화식당","전라남도 구례군 구례읍 북교길 12","46","46230","127.4634284","35.2099443","전남",,,"육회비빔밥","10000","20241231"
"하당먹거리","전라남도 목포시 신흥로 98","46","46110","126.4306904","34.8054184","전남",,,"낙지탕탕이 특대","89000","20241231"
"금메달식당","전라남도 목포시 후광대로143번길 8 독도프라자 101호","46","46110","126.4476335","34.8135449","전남",,,"홍어삼합","125000","20241231"
"순천만가든","전라남도 순천시 대대동 40-1","46","46150","127.5095363","34.8924646","전남",,,"짱뚱어전골",,"20241231"
"경도회관","전라남도 여수시 경호동 621-3","46","46130","127.7218499","34.7217906","전남",,,"갯장어샤브샤브",,"20241231"
"수협회센타","전라남도 완도군 완도읍 가용리 1100-1","46","46890","126.7500292","34.3260073","전남",,,"회3종",,"20241231"
"일억조식당","전라남도 완도군 완도읍 군내리 1260-1","46","46890","126.7502528","34.3179929","전남",,,"전복코스요리, 전복 물회",,"20241231"
"명희네음식점","전라남도 장흥군 장흥읍 토요시장2길 3-12","46","46890","126.9025996","34.6748738","전남",,,"한우된장물회","50000","20241231"
"연기식당","전라북도 고창군 아산면 선운대로 2727","45","45790","126.5997618","35.5085589","전북",,,"보통장어","35000","20241231"
"거시기삼계탕","전라북도 군산시 성산면 동군산로 275","45","45790","126.806772","35.9828524","전북",,,"옻삼계탕","23000","20241231"
"이연국수","전라북도 전주시 덕진구 견훤왕궁로 286-3","45","45111","127.1445581","35.8436148","전북",,,"잔치국수","3500","20241231"
"오선모옛날김밥","전라북도 전주시 완산구 삼천동 1가 601-11","45","45111","127.1195411","35.7989717","전북",,,"김밥",,"20241231"
"조점례남문피순대","전라북도 전주시 완산구 전동 3가 2-198","45","45111","127.1469645","35.8125144","전북",,,"피순대",,"20241231"
"메르밀진미집","전라북도 전주시 완산구 전주천동로 94","45","45111","127.1504089","35.8111345","전북",,,"냉.온 메밀소바?","8000","20241231"
"전주물갈비","전라북도 전주시 완산구 평화동 2가 872-10","45","45111","127.1356943","35.7895264","전북",,,"물갈비",,"20241231"
"치즈명가","전라북도 전주시 완산구 풍남동 3가 74-25","45","45111","127.1520961","35.8157719","전북",,,"치즈",,"20241231"
"치즈밸리참나무집","전북 임실군 성수면 도인2길 36","45","45750","127.3031378","35.6317219","전북",,,"치즈순두부","11000","20241231"
"오수수산","전북 임실군 오수면 춘향로 1934","45","45750","127.3116363","35.5608015","전북",,,"장어구이","69000","20241231"
"강남쌈밥","전북 임실군 운암면 강운로 1175-20 강남쌈밥","45","45750","127.1133311","35.6042971","전북",,,"참게장정식","19000","20241231"
"옥정호산장","전북 임실군 운암면 운정길 7","45","45750","127.10441","35.5937273","전북",,,"민물새우탕","60000","20241231"
"꽃돼지연탄구이","제주특별자치도 서귀포시 대포동 2238-2","50","50130","126.4439409","33.2422527","제주",,,"흑돼지근고기",,"20241231"
"오는정김밥","제주특별자치도 서귀포시 서귀동 254-6","45","45750","126.5676162","33.2496387","제주",,,"오는정김밥",,"20241231"
"우정회센타","제주특별자치도 서귀포시 서귀동 276-20","45","45750","126.5632633","33.2496691","제주",,,"꽁치김밥",,"20241231"
"바다의집","제주특별자치도 서귀포시 성산읍 오조리 366-1","45","45750","126.9192106","33.4694496","제주",,,"성게미역국",,"20241231"
"춘심이네","제주특별자치도 서귀포시 안덕면 창천리 160-4","45","45750","126.3705271","33.2645157","제주",,,"갈치구이",,"20241231"
"제주한라국수","제주특별자치도 서귀포시 중문동 2048-1","45","45750","126.424449","33.2502999","제주",,,"고기국수",,"20241231"
"해월정","제주특별자치도 제주시 구좌읍 종달리 608","50","50110","126.9096474","33.4922096","제주",,,"보말칼국수",,"20241231"
"돈해돈찜","제주특별자치도 제주시 오라2동 3162-3","50","50110","126.5026052","33.4819647","제주",,,"해물돼지갈비찜",,"20241231"
"큰손식당","충남 논산시 강경읍 금백로 158","44","44230","127.0171698","36.1649306","충남",,,"젓갈정식백반&삼겹살","12000","20241231"
"황산옥","충남 논산시 강경읍 금백로 34","44","44230","127.009283","36.1564872","충남",,,"우어무침&선어복탕","80000","20241231"
"왕곰탕식당","충남 부여군 부여읍 사비로108번길 13 충남 부여군 부여읍 구아리 151","44","44760","126.9119087","36.2824257","충남",,,"양탕&양수육","40000","20241231"
"삼정식당","충남 부여군 부여읍 성왕로 292","44","44760","126.9195892","36.2832604","충남",,,"한우파불고기&냉면","18000","20241231"
"동해원","충청남도 공주시 납다리길 22","44","44150","127.1479521","36.4503065","충남",,,"짜장면","7000","20241231"
"황해도전통손만두국","충청남도 공주시 우금티로 744","44","44150","127.1343303","36.451301","충남",,,"만두전골","7000","20241231"
"엄가네곰탕","충청남도 부여군 부여읍 나루터로 21-4","44","44760","126.9102113","36.2845669","충남",,,"갈비곰탕","11000","20241231"
"할머니곱창","충청남도 예산군 삽교읍 삽교로 221","44","44760","126.7534883","36.6860211","충남",,,"곱창 구이?","10000","20241231"
"화해당","충청남도 태안군 근흥면 근흥로 901-8","44","44760","126.2112447","36.7165946","충남",,,"간장게장과 찰돌솥밥","39000","20241231"
"어부명가","충청북도 단양군 단양읍 수변로 87","44","44760","128.3707183","36.983186","충북",,,"떡갈비정식","18000","20241231"
"두꺼비식당","충청북도 제천시 의림대로20길 21","44","44760","128.2148299","37.1415621","충북",,,"양푼갈비","12000","20241231"
"백로식당 신봉점","충청북도 청주시 흥덕구 1순환로 418","43","43113","127.4706494","36.6535615","충북",,,"한방양념불고기 (비조리)","12000","20241231"
